level_0,level_1,level_2,correct_data
0,0,0,-7.815349206836508e-06
0,0,1,-8.630274661662423e-06
0,0,2,-1.0290056678597726e-05
0,0,3,-1.1730890575744441e-05
0,0,4,-1.2182679528997158e-05
0,0,5,-1.1404924031792937e-05
0,0,6,-9.743348491279011e-06
0,0,7,-7.556042804752181e-06
0,0,8,-5.177024727181899e-06
0,0,9,-2.715299201088293e-06
0,0,10,-3.07607074355323e-07
0,0,11,2.089472431392929e-06
0,0,12,4.361503371418503e-06
0,0,13,6.219105945905385e-06
0,0,14,6.83664339886633e-06
0,0,15,5.49058430802482e-06
0,0,16,2.070078184184386e-06
0,0,17,-2.1510792387228155e-06
0,0,18,-5.350678191157849e-06
0,0,19,-6.330788986564262e-06
0,0,20,-5.933149893470478e-06
0,0,21,-6.354586461487582e-06
0,0,22,-9.547991936810192e-06
0,0,23,-1.5067834689827032e-05
0,0,24,-2.0341108332348735e-05
0,1,0,2.2581098501149165e-07
0,1,1,-1.5687225192795717e-07
0,1,2,-1.366408762248503e-06
0,1,3,-3.1174786736999248e-06
0,1,4,-3.998160960241756e-06
0,1,5,-2.0075660658148644e-06
0,1,6,3.5409244974421254e-06
0,1,7,1.0978862865047346e-05
0,1,8,1.6841995489757437e-05
0,1,9,1.8430009642504295e-05
0,1,10,1.5671034868095586e-05
0,1,11,1.1277813777974823e-05
0,1,12,8.430789001186026e-06
0,1,13,8.660074074111118e-06
0,1,14,1.0853630535917437e-05
0,1,15,1.2645241992849734e-05
0,1,16,1.2033697018669126e-05
0,1,17,8.788066174005211e-06
0,1,18,4.018791574566312e-06
0,1,19,-5.88897509850082e-07
0,1,20,-3.925341356364508e-06
0,1,21,-5.548760319389555e-06
0,1,22,-5.831783797064367e-06
0,1,23,-5.4058510509725805e-06
0,1,24,-5.203969053820245e-06
0,2,0,-3.745879859136489e-06
0,2,1,-9.27392188891093e-06
0,2,2,-1.3288649113493397e-05
0,2,3,-1.3614617840232218e-05
0,2,4,-1.0717268901855033e-05
0,2,5,-6.749812119404778e-06
0,2,6,-3.6586745954479954e-06
0,2,7,-1.8549091968369174e-06
0,2,8,-6.947703799443095e-07
0,2,9,4.5990446554703763e-07
0,2,10,1.5707533982415255e-06
0,2,11,2.4727544228095284e-06
0,2,12,3.36606067789902e-06
0,2,13,4.770691956003262e-06
0,2,14,6.568079795771535e-06
0,2,15,7.707841110718861e-06
0,2,16,6.806373231952982e-06
0,2,17,3.644340958734466e-06
0,2,18,-4.988608526885729e-07
0,2,19,-3.7826761963291264e-06
0,2,20,-5.65609379252186e-06
0,2,21,-7.320250115239993e-06
0,2,22,-1.0589620227165447e-05
0,2,23,-1.5680428129515468e-05
0,2,24,-2.064427566277646e-05
1,0,0,-4.796128340403598e-06
1,0,1,-7.818138081431582e-06
1,0,2,-9.283847750436107e-06
1,0,3,-8.4773522202276e-06
1,0,4,-6.326745736857811e-06
1,0,5,-4.338657955563186e-06
1,0,6,-3.117708230166073e-06
1,0,7,-2.240226637426415e-06
1,0,8,-9.338794509864608e-07
1,0,9,8.608836779828543e-07
1,0,10,2.4634739387343474e-06
1,0,11,2.9886920392225235e-06
1,0,12,2.242291372329147e-06
1,0,13,7.735860096312836e-07
1,0,14,-3.8826793239548507e-07
1,0,15,-5.490593675820387e-07
1,0,16,4.2854640652995315e-07
1,0,17,1.9706722307887443e-06
1,0,18,3.3728371411239667e-06
1,0,19,4.079978741034548e-06
1,0,20,4.112057347239849e-06
1,0,21,3.7534264824863736e-06
1,0,22,3.4003235266126465e-06
1,0,23,3.033699476604062e-06
1,0,24,2.4645586021318445e-06
1,1,0,1.6125521746471845e-05
1,1,1,1.7347527577132394e-05
1,1,2,1.4650965968068179e-05
1,1,3,9.826946335128638e-06
1,1,4,4.997702564544268e-06
1,1,5,1.9105009699175275e-06
1,1,6,1.5501766260041163e-06
1,1,7,3.6237994748920116e-06
1,1,8,6.330307318163026e-06
1,1,9,7.146609384190057e-06
1,1,10,4.647768652056621e-06
1,1,11,4.592306834402147e-08
1,1,12,-3.2392600160820032e-06
1,1,13,-2.1660546149074783e-06
1,1,14,3.281149887478349e-06
1,1,15,9.738282969512535e-06
1,1,16,1.3135440726920076e-05
1,1,17,1.2000657622246555e-05
1,1,18,8.589228073766126e-06
1,1,19,6.6739246079537944e-06
1,1,20,8.278817527425548e-06
1,1,21,1.2238360250660927e-05
1,1,22,1.588755136281328e-05
1,1,23,1.7705414475208733e-05
1,1,24,1.8391765753522746e-05
1,2,0,-1.0177010851057406e-05
1,2,1,-1.185262025882669e-05
1,2,2,-1.3151500220805407e-05
1,2,3,-1.335785074739308e-05
1,2,4,-1.2313036315151097e-05
1,2,5,-1.0623994034234343e-05
1,2,6,-8.872719759320388e-06
1,2,7,-7.2421754508975944e-06
1,2,8,-5.3726774131300275e-06
1,2,9,-3.1762327599057214e-06
1,2,10,-1.1600224015690462e-06
1,2,11,-3.9669462830665424e-07
1,2,12,-1.449997602100448e-06
1,2,13,-3.915510446087612e-06
1,2,14,-6.410943847219553e-06
1,2,15,-7.782492436952775e-06
1,2,16,-7.668686999426214e-06
1,2,17,-6.73757104813227e-06
1,2,18,-5.666629015506304e-06
1,2,19,-4.8164904718881905e-06
1,2,20,-4.067217438784873e-06
1,2,21,-3.6257046844216754e-06
1,2,22,-3.885229729035566e-06
1,2,23,-5.263110220976884e-06
1,2,24,-7.312978523092023e-06
2,0,0,-1.2259821415559519e-06
2,0,1,-2.6132280643788617e-06
2,0,2,-4.308886919349609e-06
2,0,3,-5.0519433741747334e-06
2,0,4,-4.4589975669225305e-06
2,0,5,-3.2290725838766997e-06
2,0,6,-2.560219620087662e-06
2,0,7,-2.962559345668134e-06
2,0,8,-3.867443650382662e-06
2,0,9,-4.0676710947488775e-06
2,0,10,-2.951874965550377e-06
2,0,11,-1.0077012270905258e-06
2,0,12,4.6474593329039386e-07
2,0,13,5.36217165777436e-07
2,0,14,-7.889543784824385e-07
2,0,15,-2.625955533425126e-06
2,0,16,-4.208905437698109e-06
2,0,17,-5.362414310964409e-06
2,0,18,-6.528270120688081e-06
2,0,19,-7.989643318889934e-06
2,0,20,-9.586303492198562e-06
2,0,21,-1.0690398789985458e-05
2,0,22,-1.0897528571645221e-05
2,0,23,-1.022324592440569e-05
2,0,24,-9.264286338098887e-06
2,1,0,1.3616100680416084e-05
2,1,1,1.1644773067735477e-05
2,1,2,6.4781736965764105e-06
2,1,3,-4.779386998330188e-07
2,1,4,-7.576737083706811e-06
2,1,5,-1.3201155721879088e-05
2,1,6,-1.6093020043324974e-05
2,1,7,-1.536273653228188e-05
2,1,8,-1.1056686508848315e-05
2,1,9,-4.460093689953441e-06
2,1,10,1.810614985211137e-06
2,1,11,5.1585492515347775e-06
2,1,12,4.554617475717215e-06
2,1,13,1.5472322278127217e-06
2,1,14,-1.0536406237068584e-06
2,1,15,-1.3546839201764133e-06
2,1,16,-2.1893500032732026e-07
2,1,17,-2.2607444289315355e-07
2,1,18,-3.1896769107876623e-06
2,1,19,-7.930551628245808e-06
2,1,20,-1.1222893393893066e-05
2,1,21,-1.049461440920255e-05
2,1,22,-6.5027693440619e-06
2,1,23,-2.622162940462219e-06
2,1,24,-2.1328222237063153e-06
2,2,0,1.4599517671011648e-05
2,2,1,1.299063170594173e-05
2,2,2,1.0812853886052649e-05
2,2,3,9.282888779208267e-06
2,2,4,9.105019261529954e-06
2,2,5,1.0032909780765468e-05
2,2,6,1.1756359338156643e-05
2,2,7,1.3912384954838227e-05
2,2,8,1.6418833064568532e-05
2,2,9,1.872833846104649e-05
2,2,10,2.0262525078561526e-05
2,2,11,2.0460431128616345e-05
2,2,12,1.9772883682852736e-05
2,2,13,1.9036910372870566e-05
2,2,14,1.9138407072717798e-05
2,2,15,1.9715541860040897e-05
2,2,16,1.9781486775263942e-05
2,2,17,1.817370093500168e-05
2,2,18,1.514096825128001e-05
2,2,19,1.1847478339504125e-05
2,2,20,9.98839547141858e-06
2,2,21,9.99487543936633e-06
2,2,22,1.1326187982893554e-05
2,2,23,1.2510571291362064e-05
2,2,24,1.2856420844982127e-05
3,0,0,8.76100525014436e-07
3,0,1,3.2738455535206274e-06
3,0,2,4.875536323998664e-06
3,0,3,5.861769474030761e-06
3,0,4,6.502840648447581e-06
3,0,5,6.939490516466877e-06
3,0,6,7.176329488699576e-06
3,0,7,7.348640902273592e-06
3,0,8,7.616326297271269e-06
3,0,9,7.959994518766096e-06
3,0,10,7.969706467134228e-06
3,0,11,7.211279551620103e-06
3,0,12,5.679007602379769e-06
3,0,13,3.9785031414647115e-06
3,0,14,2.7067070226136704e-06
3,0,15,1.9000134044561666e-06
3,0,16,9.346487925661546e-07
3,0,17,-6.149231104017418e-07
3,0,18,-2.3125025453628415e-06
3,0,19,-2.971099682943983e-06
3,0,20,-1.924477902803706e-06
3,0,21,1.0135229482380598e-07
3,0,22,1.1801949034054933e-06
3,0,23,-1.7767846694467513e-07
3,0,24,-3.7810278281070705e-06
3,1,0,1.616162650388295e-05
3,1,1,1.4220777878102327e-05
3,1,2,1.300519089734466e-05
3,1,3,1.4149435657440654e-05
3,1,4,1.70960602918984e-05
3,1,5,1.914433115749554e-05
3,1,6,1.7906219266820237e-05
3,1,7,1.3973826052230982e-05
3,1,8,1.075397974654443e-05
3,1,9,1.154067084742778e-05
3,1,10,1.6430218483212862e-05
3,1,11,2.2244635660587033e-05
3,1,12,2.5150564408310712e-05
3,1,13,2.3720423986228908e-05
3,1,14,1.9312328655735826e-05
3,1,15,1.418633640462661e-05
3,1,16,9.263292442273979e-06
3,1,17,4.086424875778888e-06
3,1,18,-1.66706525061563e-06
3,1,19,-6.730298000792755e-06
3,1,20,-8.881316303369644e-06
3,1,21,-6.6581888941871195e-06
3,1,22,-9.005803938226645e-07
3,1,23,5.8603113721031515e-06
3,1,24,1.1099303976016921e-05
3,2,0,4.527065606609032e-06
3,2,1,5.183787366087173e-06
3,2,2,6.132614453669479e-06
3,2,3,7.082259358899806e-06
3,2,4,7.865364867817458e-06
3,2,5,8.33962052332603e-06
3,2,6,8.588825713304066e-06
3,2,7,8.604236919356313e-06
3,2,8,8.303312766694466e-06
3,2,9,7.281015240816625e-06
3,2,10,5.309458799265641e-06
3,2,11,2.464109857439303e-06
3,2,12,-5.883473110220459e-07
3,2,13,-3.2011019834015807e-06
3,2,14,-4.9622166273374714e-06
3,2,15,-6.0240458867137625e-06
3,2,16,-6.428817964960901e-06
3,2,17,-5.956370021148509e-06
3,2,18,-3.956396962914011e-06
3,2,19,-3.0322847120996375e-07
3,2,20,4.313178643012286e-06
3,2,21,8.287932847260426e-06
3,2,22,1.0339066802221412e-05
3,2,23,1.0120580705748209e-05
3,2,24,8.688735526771998e-06
4,0,0,5.366691846509528e-07
4,0,1,1.7506156188411168e-06
4,0,2,5.266050071694702e-06
4,0,3,8.580916019663824e-06
4,0,4,8.822084186741472e-06
4,0,5,5.481548659927004e-06
4,0,6,1.1175571838157854e-06
4,0,7,-6.489970115882596e-07
4,0,8,1.7126731364082264e-06
4,0,9,6.435987693700755e-06
4,0,10,1.0088756394265313e-05
4,0,11,1.0660406564657113e-05
4,0,12,8.984630537455982e-06
4,0,13,7.582217335063476e-06
4,0,14,8.058666691825413e-06
4,0,15,9.825240123042687e-06
4,0,16,1.0907698905349877e-05
4,0,17,1.0115172486372997e-05
4,0,18,8.047149578346304e-06
4,0,19,6.42545720008883e-06
4,0,20,6.315084559415794e-06
4,0,21,7.342512363083843e-06
4,0,22,8.176126842916037e-06
4,0,23,7.905448846507054e-06
4,0,24,6.6222289283346955e-06
4,1,0,-1.1634086868628289e-05
4,1,1,-6.155696701948667e-06
4,1,2,2.2043901809563324e-06
4,1,3,8.468199065412565e-06
4,1,4,9.173599528640127e-06
4,1,5,5.1131352700154885e-06
4,1,6,2.197739864648401e-07
4,1,7,-1.8555098271469183e-06
4,1,8,-8.059532894592289e-07
4,1,9,9.799663676456191e-07
4,1,10,1.3467663139321475e-06
4,1,11,1.0379598434209891e-06
4,1,12,2.659609384477371e-06
4,1,13,7.614344326387632e-06
4,1,14,1.3596970732371815e-05
4,1,15,1.615505340367635e-05
4,1,16,1.2391866951500874e-05
4,1,17,4.074731684122892e-06
4,1,18,-3.7681974042590312e-06
4,1,19,-6.72752804368776e-06
4,1,20,-4.680191047264315e-06
4,1,21,-1.0472901678065699e-06
4,1,22,5.240437154370121e-07
4,1,23,-4.520484320949994e-07
4,1,24,-1.8680215640467075e-06
4,2,0,2.5715184548350933e-06
4,2,1,4.685381351705734e-06
4,2,2,8.022040248245599e-06
4,2,3,9.136981088613807e-06
4,2,4,6.76461651058296e-06
4,2,5,2.929821537693165e-06
4,2,6,1.2669879840890015e-06
4,2,7,3.574764613012069e-06
4,2,8,8.33631796611574e-06
4,2,9,1.2005888308253335e-05
4,2,10,1.2378636349978092e-05
4,2,11,1.0274847744170168e-05
4,2,12,8.684316837647061e-06
4,2,13,9.72659050545231e-06
4,2,14,1.3007204882442276e-05
4,2,15,1.6079364525871192e-05
4,2,16,1.7012557035499167e-05
4,2,17,1.5820126517789457e-05
4,2,18,1.4267099535347511e-05
4,2,19,1.3826044074927179e-05
4,2,20,1.4657479405421454e-05
4,2,21,1.5614886302350254e-05
4,2,22,1.5730921820918792e-05
4,2,23,1.4735650840001563e-05
4,2,24,1.3122349823785568e-05
5,0,0,2.4119257791580743e-06
5,0,1,-8.906722674444374e-07
5,0,2,-3.346451971836603e-06
5,0,3,-4.306076944477139e-06
5,0,4,-3.7396443633682178e-06
5,0,5,-2.0034002162207877e-06
5,0,6,1.5313102267909802e-07
5,0,7,1.8853117861808167e-06
5,0,8,2.5593097615744505e-06
5,0,9,2.3109880547628816e-06
5,0,10,1.9543535309095457e-06
5,0,11,2.503109900327174e-06
5,0,12,4.261981366497186e-06
5,0,13,6.677851442336684e-06
5,0,14,8.694015689291292e-06
5,0,15,9.672452286825734e-06
5,0,16,9.47874228158954e-06
5,0,17,8.264660696484679e-06
5,0,18,5.857560332488235e-06
5,0,19,2.089528820065279e-06
5,0,20,-2.7218655710339998e-06
5,0,21,-7.2316289501786805e-06
5,0,22,-9.851427750077882e-06
5,0,23,-9.764479327696997e-06
5,0,24,-7.77716352551674e-06
5,1,0,-6.3287335285076266e-06
5,1,1,-9.417559480695938e-06
5,1,2,-1.792216962133973e-05
5,1,3,-2.5181306784880257e-05
5,1,4,-2.536556604863056e-05
5,1,5,-1.836296751285668e-05
5,1,6,-9.881276639039092e-06
5,1,7,-6.438986843474012e-06
5,1,8,-9.84305457793071e-06
5,1,9,-1.5683417092947913e-05
5,1,10,-1.7252813525074173e-05
5,1,11,-1.1141874877056103e-05
5,1,12,-6.463457776496662e-08
5,1,13,9.46696396122819e-06
5,1,14,1.214610983788758e-05
5,1,15,7.713917263013007e-06
5,1,16,4.836890256453997e-07
5,1,17,-4.2895652498193485e-06
5,1,18,-4.373070689005898e-06
5,1,19,-1.5454134202810138e-06
5,1,20,3.356829943184767e-07
5,1,21,-1.3387615780941536e-06
5,1,22,-6.239969754674951e-06
5,1,23,-1.1778186483728682e-05
5,1,24,-1.550008478621147e-05
5,2,0,-2.4891862638313134e-06
5,2,1,-1.6501519230915516e-06
5,2,2,-2.2687463908106477e-06
5,2,3,-4.443117789192948e-06
5,2,4,-6.511745693104276e-06
5,2,5,-6.130336351306532e-06
5,2,6,-2.4283532546052257e-06
5,2,7,2.9561634150320794e-06
5,2,8,6.885545838315721e-06
5,2,9,7.331652268587085e-06
5,2,10,4.969325601830341e-06
5,2,11,2.50466095261469e-06
5,2,12,2.1437021451878676e-06
5,2,13,3.927532147234784e-06
5,2,14,6.137679975435956e-06
5,2,15,7.350932828956212e-06
5,2,16,7.477569417926584e-06
5,2,17,7.195575124471635e-06
5,2,18,6.425853739784712e-06
5,2,19,4.23803218785535e-06
5,2,20,8.479980364369109e-08
5,2,21,-4.773461549310371e-06
5,2,22,-7.878719888217297e-06
5,2,23,-7.461822062627553e-06
5,2,24,-4.108966884197173e-06
6,0,0,-1.7816504889111103e-06
6,0,1,-1.2709174560065651e-06
6,0,2,-3.386242547531035e-07
6,0,3,1.0570624156743273e-06
6,0,4,2.5204550559420886e-06
6,0,5,3.399924804129448e-06
6,0,6,3.1502332163776557e-06
6,0,7,2.047355732014581e-06
6,0,8,9.223002190182947e-07
6,0,9,6.657087041339503e-07
6,0,10,1.3422162028208458e-06
6,0,11,2.3423767182771367e-06
6,0,12,2.803978028114557e-06
6,0,13,2.40166886155652e-06
6,0,14,1.190620623226212e-06
6,0,15,-5.436471009553443e-07
6,0,16,-2.7380920481490643e-06
6,0,17,-5.140332799982581e-06
6,0,18,-7.217346972764982e-06
6,0,19,-8.100766838399942e-06
6,0,20,-7.470064267535719e-06
6,0,21,-5.817938740911911e-06
6,0,22,-4.437497111852237e-06
6,0,23,-4.248698741876687e-06
6,0,24,-5.297908580178894e-06
6,1,0,-3.510172662127541e-06
6,1,1,-6.020189629120783e-06
6,1,2,-6.625983322519559e-06
6,1,3,-4.0514322485056846e-06
6,1,4,1.1382423678232614e-06
6,1,5,6.0767591090203675e-06
6,1,6,7.678405496156296e-06
6,1,7,5.631379910723378e-06
6,1,8,3.007861459337438e-06
6,1,9,3.581743347861704e-06
6,1,10,8.146275771167511e-06
6,1,11,1.3576488911382686e-05
6,1,12,1.564552244993705e-05
6,1,13,1.284754417656055e-05
6,1,14,7.561037749728749e-06
6,1,15,3.6179248666267814e-06
6,1,16,2.935471136965824e-06
6,1,17,4.50354098010031e-06
6,1,18,6.285973452567657e-06
6,1,19,7.491830295062887e-06
6,1,20,8.8930000362806e-06
6,1,21,1.1211924887626241e-05
6,1,22,1.3764397795526647e-05
6,1,23,1.5000748904433082e-05
6,1,24,1.4228320135877578e-05
6,2,0,-3.5101508342543733e-06
6,2,1,-5.215345741315308e-06
6,2,2,-7.845988992402164e-06
6,2,3,-9.059409192950041e-06
6,2,4,-8.033610476216083e-06
6,2,5,-6.031469910176021e-06
6,2,6,-5.2610580371012234e-06
6,2,7,-6.385154215071784e-06
6,2,8,-8.019984062593191e-06
6,2,9,-7.910766844006505e-06
6,2,10,-5.520309141906858e-06
6,2,11,-2.608058860214838e-06
6,2,12,-2.028241609178358e-06
6,2,13,-4.981087915084702e-06
6,2,14,-1.018100389665557e-05
6,2,15,-1.4672627949399914e-05
6,2,16,-1.643026650453383e-05
6,2,17,-1.5394676531492566e-05
6,2,18,-1.330435208545032e-05
6,2,19,-1.1799168890609126e-05
6,2,20,-1.1652910498852437e-05
6,2,21,-1.244668401698297e-05
6,2,22,-1.3649884407313678e-05
6,2,23,-1.4736048107293217e-05
6,2,24,-1.5633556409866455e-05
7,0,0,-3.743157923352463e-06
7,0,1,-1.0316211200025283e-06
7,0,2,1.671293673446121e-06
7,0,3,3.866922691809723e-06
7,0,4,5.587772913304498e-06
7,0,5,7.153643052520498e-06
7,0,6,8.466657289971145e-06
7,0,7,8.947665034246294e-06
7,0,8,8.021175136872381e-06
7,0,9,5.943868470589532e-06
7,0,10,3.7602924399913085e-06
7,0,11,2.64413324050245e-06
7,0,12,2.8661270761937206e-06
7,0,13,3.697523116516293e-06
7,0,14,4.000083632069954e-06
7,0,15,3.2532051166531454e-06
7,0,16,1.6791167831894645e-06
7,0,17,-1.3724583345595938e-07
7,0,18,-1.987667776635088e-06
7,0,19,-3.966999852305275e-06
7,0,20,-6.131240752851451e-06
7,0,21,-7.97445839512286e-06
7,0,22,-8.797341564909986e-06
7,0,23,-8.19473292200428e-06
7,0,24,-6.613183457693955e-06
7,1,0,1.1988528600722975e-05
7,1,1,9.030649514859906e-06
7,1,2,5.185252016376733e-06
7,1,3,3.2870830672032463e-06
7,1,4,3.82338081421246e-06
7,1,5,4.829772005115031e-06
7,1,6,3.9083607262314956e-06
7,1,7,9.040884968386178e-07
7,1,8,-1.8709674174296467e-06
7,1,9,-1.5650252186254627e-06
7,1,10,2.425394304498386e-06
7,1,11,7.970227425707166e-06
7,1,12,1.1741522932764482e-05
7,1,13,1.1943798923027497e-05
7,1,14,9.313687180652276e-06
7,1,15,6.320818741696978e-06
7,1,16,4.7948019333107674e-06
7,1,17,4.608769154865579e-06
7,1,18,3.73185363163674e-06
7,1,19,1.6011375930548074e-07
7,1,20,-6.484722786122526e-06
7,1,21,-1.3973735830355221e-05
7,1,22,-1.873429310484667e-05
7,1,23,-1.7773636765198953e-05
7,1,24,-1.1044285366505909e-05
7,2,0,3.6634789103322306e-06
7,2,1,5.487840908165512e-06
7,2,2,6.843254334053088e-06
7,2,3,7.61159474196426e-06
7,2,4,7.664682312295693e-06
7,2,5,6.693941495244449e-06
7,2,6,4.296209290613744e-06
7,2,7,5.224945276136625e-07
7,2,8,-3.694007009946845e-06
7,2,9,-6.6748552029465154e-06
7,2,10,-6.956006212901415e-06
7,2,11,-4.341155791849356e-06
7,2,12,-2.4908820622027734e-07
7,2,13,3.1106931155278246e-06
7,2,14,4.132753445183909e-06
7,2,15,2.799791623939914e-06
7,2,16,4.280294952084979e-07
7,2,17,-1.404656016360499e-06
7,2,18,-1.9364626784654356e-06
7,2,19,-1.4340944503566817e-06
7,2,20,-6.702687742123848e-07
7,2,21,-1.891381344638277e-07
7,2,22,-4.292073533926061e-08
7,2,23,8.17675312097701e-08
7,2,24,5.341140956724532e-07
8,0,0,3.510907170059638e-06
8,0,1,4.443821374304724e-06
8,0,2,5.513687656581403e-06
8,0,3,7.176907927338523e-06
8,0,4,8.929376186914758e-06
8,0,5,9.405095765117118e-06
8,0,6,7.457126159513385e-06
8,0,7,3.4882898554789246e-06
8,0,8,-5.324092023538399e-07
8,0,9,-2.2714765120471117e-06
8,0,10,-7.254395876640065e-07
8,0,11,3.2819080422730445e-06
8,0,12,7.822930027187689e-06
8,0,13,1.1305193934480753e-05
8,0,14,1.3026909631146631e-05
8,0,15,1.3047440928648274e-05
8,0,16,1.1579349838681142e-05
8,0,17,9.080753942525071e-06
8,0,18,6.392775053190439e-06
8,0,19,4.728526689607115e-06
8,0,20,4.750050791540008e-06
8,0,21,5.961825170451031e-06
8,0,22,6.7903392039196805e-06
8,0,23,5.9591818150104094e-06
8,0,24,3.5670790188696826e-06
8,1,0,-1.809397390066048e-05
8,1,1,-2.1567853721869788e-05
8,1,2,-2.3066539486464696e-05
8,1,3,-2.2237828274541765e-05
8,1,4,-2.005427407181671e-05
8,1,5,-1.843299860593674e-05
8,1,6,-1.910431339002122e-05
8,1,7,-2.209510890862135e-05
8,1,8,-2.5487179316389247e-05
8,1,9,-2.6626329450887875e-05
8,1,10,-2.4164648853833206e-05
8,1,11,-1.8971160453314486e-05
8,1,12,-1.3409430011688617e-05
8,1,13,-9.506903875954877e-06
8,1,14,-8.043686222470345e-06
8,1,15,-8.659472352407459e-06
8,1,16,-1.0571800679107018e-05
8,1,17,-1.2549496209986449e-05
8,1,18,-1.2887430976795864e-05
8,1,19,-9.939178710595571e-06
8,1,20,-3.8288476050473384e-06
8,1,21,2.6398671645907443e-06
8,1,22,5.144277824259777e-06
8,1,23,1.3640367090814626e-06
8,1,24,-6.497925739005963e-06
8,2,0,-2.034000893513685e-06
8,2,1,-2.377128602299194e-07
8,2,2,2.2003243757809414e-06
8,2,3,3.5800193096793332e-06
8,2,4,2.4953984765348723e-06
8,2,5,-7.0657716749025e-07
8,2,6,-4.039410547358513e-06
8,2,7,-5.320836941952249e-06
8,2,8,-4.053110811952289e-06
8,2,9,-1.6890044459365967e-06
8,2,10,-3.4098086924735115e-07
8,2,11,-7.077709702535862e-07
8,2,12,-1.5457963175561658e-06
8,2,13,-8.23234962343014e-07
8,2,14,1.988090327879828e-06
8,2,15,5.229700478306232e-06
8,2,16,6.221739842600968e-06
8,2,17,3.9171104291908126e-06
8,2,18,-2.2608039155702598e-08
8,2,19,-2.304494262495458e-06
8,2,20,-1.0079651624569133e-06
8,2,21,2.851188807393443e-06
8,2,22,6.017207214050287e-06
8,2,23,6.030205712521719e-06
8,2,24,3.192291889993166e-06
9,0,0,-1.9067314781203896e-06
9,0,1,-2.9661540325809864e-06
9,0,2,-5.481769121445999e-06
9,0,3,-8.134100183514507e-06
9,0,4,-8.679270960966436e-06
9,0,5,-5.963168312246624e-06
9,0,6,-1.119917686399941e-06
9,0,7,3.46023703668154e-06
9,0,8,5.952686203753555e-06
9,0,9,6.3344371517663756e-06
9,0,10,5.751437942518858e-06
9,0,11,5.229794338160854e-06
9,0,12,4.728625278834257e-06
9,0,13,3.6774964066827126e-06
9,0,14,1.8590221138385622e-06
9,0,15,-5.60332702371389e-08
9,0,16,-1.1457706193798963e-06
9,0,17,-9.526442369025271e-07
9,0,18,6.926981189728083e-08
9,0,19,1.168030866335373e-06
9,0,20,1.8957424172729982e-06
9,0,21,2.4779783785554147e-06
9,0,22,3.246619647318417e-06
9,0,23,4.151243472746475e-06
9,0,24,4.407690787243705e-06
9,1,0,-1.2173109279905675e-06
9,1,1,2.6594436745402386e-06
9,1,2,5.809734370983903e-06
9,1,3,6.308769755708347e-06
9,1,4,4.7553993480618935e-06
9,1,5,3.2008855236593332e-06
9,1,6,3.007816530298501e-06
9,1,7,3.97942646049971e-06
9,1,8,5.0806040992398415e-06
9,1,9,5.784020408796449e-06
9,1,10,6.3632710446252815e-06
9,1,11,7.314814247225436e-06
9,1,12,8.65032138037974e-06
9,1,13,1.0060124045435323e-05
9,1,14,1.13565316369799e-05
9,1,15,1.2559145585118166e-05
9,1,16,1.3319602492836897e-05
9,1,17,1.2776142293045552e-05
9,1,18,1.0219741823166485e-05
9,1,19,6.288494571918539e-06
9,1,20,2.9632029041286984e-06
9,1,21,2.220166821985197e-06
9,1,22,4.0976003830429215e-06
9,1,23,6.383272652404719e-06
9,1,24,6.209151708145091e-06
9,2,0,-7.254030259764504e-07
9,2,1,-9.918684702377257e-07
9,2,2,-3.408719981824531e-06
9,2,3,-6.5994144352996996e-06
9,2,4,-8.420041684033968e-06
9,2,5,-7.764218141536683e-06
9,2,6,-5.574526668472612e-06
9,2,7,-3.899484057809919e-06
9,2,8,-4.0755989782834264e-06
9,2,9,-5.484529619805955e-06
9,2,10,-6.229036900600967e-06
9,2,11,-4.883009096377664e-06
9,2,12,-1.8968385403039085e-06
9,2,13,7.971515634021953e-07
9,2,14,1.330386132210193e-06
9,2,15,-6.514829334936587e-07
9,2,16,-4.041985872594428e-06
9,2,17,-7.372161163207681e-06
9,2,18,-1.002277728204097e-05
9,2,19,-1.2208376028886078e-05
9,2,20,-1.424741515932478e-05
9,2,21,-1.5826392572580164e-05
9,2,22,-1.6314321207841053e-05
9,2,23,-1.5500182284044952e-05
9,2,24,-1.4153844887820552e-05
10,0,0,-2.2789065381744914e-06
10,0,1,-1.4305273211337037e-06
10,0,2,-2.421868375386012e-06
10,0,3,-4.6133115352718006e-06
10,0,4,-6.523336293756384e-06
10,0,5,-6.977870465857839e-06
10,0,6,-6.1209365415247e-06
10,0,7,-4.764009716430823e-06
10,0,8,-3.497797713232937e-06
10,0,9,-1.883390205746277e-06
10,0,10,7.655524428108138e-07
10,0,11,4.587494618282572e-06
10,0,12,8.465407280434402e-06
10,0,13,1.0901518706860297e-05
10,0,14,1.0859259216811643e-05
10,0,15,8.756396840421806e-06
10,0,16,5.956946640798026e-06
10,0,17,4.1489668255750725e-06
10,0,18,4.057955144603999e-06
10,0,19,5.298059556301638e-06
10,0,20,6.302698696584606e-06
10,0,21,5.513051374078561e-06
10,0,22,2.081069609718037e-06
10,0,23,-3.1729578513347775e-06
10,0,24,-8.418972845844518e-06
10,1,0,-2.4961546668209825e-05
10,1,1,-2.5147939242764396e-05
10,1,2,-2.4793306152981606e-05
10,1,3,-2.4084661340205535e-05
10,1,4,-2.280117221159744e-05
10,1,5,-2.1318925745880983e-05
10,1,6,-2.1194208554557834e-05
10,1,7,-2.3402746940910765e-05
10,1,8,-2.6930281129558097e-05
10,1,9,-2.8563663789088478e-05
10,1,10,-2.5669215047459523e-05
10,1,11,-1.8537612326072336e-05
10,1,12,-1.0944978729933181e-05
10,1,13,-6.90893731479812e-06
10,1,14,-7.62456704698789e-06
10,1,15,-1.0196995724134081e-05
10,1,16,-1.0770187669967301e-05
10,1,17,-7.991288412931015e-06
10,1,18,-4.890589552930958e-06
10,1,19,-6.013869004647157e-06
10,1,20,-1.3651052926123928e-05
10,1,21,-2.503306351185684e-05
10,1,22,-3.4506418674348565e-05
10,1,23,-3.732144597186067e-05
10,1,24,-3.3468808895443505e-05
10,2,0,-5.044485517509065e-06
10,2,1,-5.409659287244591e-06
10,2,2,-6.891815531085289e-06
10,2,3,-8.922566618082173e-06
10,2,4,-9.947089131831586e-06
10,2,5,-8.762698547405353e-06
10,2,6,-6.209659569994129e-06
10,2,7,-4.487419640574337e-06
10,2,8,-5.237856099317499e-06
10,2,9,-7.3859403719427476e-06
10,2,10,-7.953883441874881e-06
10,2,11,-4.524971585976467e-06
10,2,12,1.917270339083695e-06
10,2,13,7.5114622841900166e-06
10,2,14,8.232266677512103e-06
10,2,15,3.5568010009907327e-06
10,2,16,-3.2359636434357777e-06
10,2,17,-7.354078953075466e-06
10,2,18,-6.510583722655976e-06
10,2,19,-2.1313717615343143e-06
10,2,20,1.8411789189175351e-06
10,2,21,2.5140656736679843e-06
10,2,22,-3.4629077224383575e-07
10,2,23,-4.47614954585991e-06
10,2,24,-7.772257347224388e-06
11,0,0,4.9970004346240366e-06
11,0,1,3.2513828530415193e-06
11,0,2,1.2654009158107586e-06
11,0,3,-7.021358319469012e-07
11,0,4,-2.2746848456048937e-06
11,0,5,-3.1285748730247814e-06
11,0,6,-3.1327087084048787e-06
11,0,7,-2.382431411236899e-06
11,0,8,-1.1738194364005334e-06
11,0,9,5.576552067728906e-08
11,0,10,8.437473423545782e-07
11,0,11,9.2406427496814e-07
11,0,12,3.983512274558838e-07
11,0,13,-2.651763037144051e-07
11,0,14,-4.720174344888924e-07
11,0,15,1.9244476166296857e-07
11,0,16,1.7192491469979155e-06
11,0,17,3.707284905194824e-06
11,0,18,5.5660334430230165e-06
11,0,19,6.81764514565684e-06
11,0,20,7.285118880972173e-06
11,0,21,7.111892879512426e-06
11,0,22,6.5966924995156735e-06
11,0,23,6.0087598271343445e-06
11,0,24,5.432259867122543e-06
11,1,0,9.327216096441686e-06
11,1,1,8.17339181040811e-06
11,1,2,7.722125998515649e-06
11,1,3,4.885326125114427e-06
11,1,4,-8.836739784584227e-07
11,1,5,-7.019461295391786e-06
11,1,6,-9.88623665941859e-06
11,1,7,-7.887825749307135e-06
11,1,8,-2.360307406589778e-06
11,1,9,3.754699047492057e-06
11,1,10,8.485357228914009e-06
11,1,11,1.16539029394858e-05
11,1,12,1.4128688991590422e-05
11,1,13,1.6172800919753323e-05
11,1,14,1.7353279949307884e-05
11,1,15,1.7173766065184263e-05
11,1,16,1.612599031814918e-05
11,1,17,1.5156509696975492e-05
11,1,18,1.4880400198126584e-05
11,1,19,1.4849024813235173e-05
11,1,20,1.4367389881404335e-05
11,1,21,1.3150040663686253e-05
11,1,22,1.1763515242576824e-05
11,1,23,1.0604040447775875e-05
11,1,24,9.493815155607686e-06
11,2,0,6.481346014143466e-06
11,2,1,3.0026056712765154e-06
11,2,2,-4.7038671614865583e-08
11,2,3,-2.4929222862229273e-06
11,2,4,-4.3877801289358e-06
11,2,5,-5.754201715059789e-06
11,2,6,-6.567664338585574e-06
11,2,7,-6.700943876956683e-06
11,2,8,-6.006143756535182e-06
11,2,9,-4.40312803415586e-06
11,2,10,-2.1013178724642708e-06
11,2,11,4.785012223144476e-07
11,2,12,2.889692084267803e-06
11,2,13,4.938737839362402e-06
11,2,14,6.552047222929778e-06
11,2,15,7.501844195676507e-06
11,2,16,7.225071129483298e-06
11,2,17,5.32222628607938e-06
11,2,18,2.1946524029382858e-06
11,2,19,-7.046265741742915e-07
11,2,20,-1.7382817791076452e-06
11,2,21,-3.538255948997889e-07
11,2,22,2.202108440614524e-06
11,2,23,3.7174614234635438e-06
11,2,24,2.6790527444005416e-06
12,0,0,3.7836857354631376e-06
12,0,1,4.6093934320381785e-06
12,0,2,5.765543114159897e-06
12,0,3,4.781039823076349e-06
12,0,4,1.0357245782591337e-06
12,0,5,-3.344436531547442e-06
12,0,6,-5.569139913172682e-06
12,0,7,-4.4771649057600996e-06
12,0,8,-1.4524612413853216e-06
12,0,9,1.4308522835954895e-06
12,0,10,3.1751984825154533e-06
12,0,11,4.436301671998413e-06
12,0,12,5.804913321396906e-06
12,0,13,6.702731579769127e-06
12,0,14,5.4709552292807795e-06
12,0,15,1.42820847340751e-06
12,0,16,-4.1852007312357525e-06
12,0,17,-8.62970422657697e-06
12,0,18,-1.0073890157446489e-05
12,0,19,-8.666783234727131e-06
12,0,20,-6.351353025875657e-06
12,0,21,-4.672678620915727e-06
12,0,22,-3.8862305370203104e-06
12,0,23,-3.0201414569837624e-06
12,0,24,-1.6686455886329794e-06
12,1,0,1.22662533621863e-06
12,1,1,9.204320804932276e-06
12,1,2,1.6874207609786948e-05
12,1,3,2.007525502350561e-05
12,1,4,1.6924005719631992e-05
12,1,5,9.748932061235337e-06
12,1,6,3.088055792063374e-06
12,1,7,7.934178147473697e-07
12,1,8,3.284922107759633e-06
12,1,9,8.36251650708752e-06
12,1,10,1.2812797112860485e-05
12,1,11,1.4623836832103679e-05
12,1,12,1.2724359301933782e-05
12,1,13,7.1063085819603276e-06
12,1,14,-1.6563588607257617e-06
12,1,15,-1.127659287226897e-05
12,1,16,-1.8532645757330887e-05
12,1,17,-2.0295319275208845e-05
12,1,18,-1.633461239873785e-05
12,1,19,-9.288798312070566e-06
12,1,20,-3.5194065800732974e-06
12,1,21,-1.3911534759178341e-06
12,1,22,-2.2508218870620706e-06
12,1,23,-2.69909891742103e-06
12,1,24,-2.2892298034155288e-07
12,2,0,1.3106309974986088e-06
12,2,1,4.2367512554982855e-06
12,2,2,8.518077210792558e-06
12,2,3,1.038485222138244e-05
12,2,4,7.77476900783023e-06
12,2,5,2.310178604466242e-06
12,2,6,-2.086728849634678e-06
12,2,7,-2.5936762926856243e-06
12,2,8,3.585153134498931e-07
12,2,9,4.097771731847289e-06
12,2,10,6.551612848253738e-06
12,2,11,7.9172613638697e-06
12,2,12,9.637828914406952e-06
12,2,13,1.2084403895633723e-05
12,2,14,1.3678905292286055e-05
12,2,15,1.2497622996998918e-05
12,2,16,8.65898995641045e-06
12,2,17,4.730351136006058e-06
12,2,18,3.470229473219878e-06
12,2,19,5.058699828515943e-06
12,2,20,6.677854352719773e-06
12,2,21,5.068133107703299e-06
12,2,22,-3.43419361003346e-07
12,2,23,-6.794809552344448e-06
12,2,24,-1.064173572954514e-05
13,0,0,1.1158342370270728e-06
13,0,1,1.6958329322592602e-06
13,0,2,1.7933538669079183e-06
13,0,3,1.9083603831555375e-06
13,0,4,2.5915948230801304e-06
13,0,5,3.9088998746987405e-06
13,0,6,5.370568112986245e-06
13,0,7,6.5005661840634955e-06
13,0,8,7.059336454094743e-06
13,0,9,6.971425422507157e-06
13,0,10,5.960179348814178e-06
13,0,11,3.8559298110845276e-06
13,0,12,1.093260396293752e-06
13,0,13,-9.951452887475718e-07
13,0,14,-1.060407810085709e-06
13,0,15,1.1571112908842325e-06
13,0,16,4.20286712038412e-06
13,0,17,5.964420140772798e-06
13,0,18,5.2622767600197596e-06
13,0,19,2.914377953629053e-06
13,0,20,8.578052202704207e-07
13,0,21,4.7164554209979583e-07
13,0,22,1.2883013560963528e-06
13,0,23,1.7115719202069103e-06
13,0,24,6.067376579638127e-07
13,1,0,1.2962291850612188e-05
13,1,1,1.1795219500757297e-05
13,1,2,1.073592809543465e-05
13,1,3,9.304480183750094e-06
13,1,4,7.868454239466475e-06
13,1,5,7.529962134295509e-06
13,1,6,9.059909051245584e-06
13,1,7,1.2161336234613673e-05
13,1,8,1.5570971531919707e-05
13,1,9,1.7986570578334038e-05
13,1,10,1.87652115595931e-05
13,1,11,1.8104331954074378e-05
13,1,12,1.655813127516778e-05
13,1,13,1.4595827305254744e-05
13,1,14,1.2333042288505168e-05
13,1,15,9.686757547304145e-06
13,1,16,6.535500239877032e-06
13,1,17,3.052553483951702e-06
13,1,18,-1.2073714013072938e-07
13,1,19,-1.8506320250896848e-06
13,1,20,-1.1954470388320296e-06
13,1,21,1.7547974755421832e-06
13,1,22,5.4424258352525645e-06
13,1,23,7.78916085220554e-06
13,1,24,7.764969747969428e-06
13,2,0,-4.635187429760581e-06
13,2,1,-6.976169346942294e-06
13,2,2,-9.605866359727326e-06
13,2,3,-1.0481532237217308e-05
13,2,4,-8.341801855451267e-06
13,2,5,-3.710146175569238e-06
13,2,6,1.421739055598457e-06
13,2,7,5.188841246321293e-06
13,2,8,6.907042655407154e-06
13,2,9,7.107748493993631e-06
13,2,10,6.420725644781821e-06
13,2,11,5.025508728374856e-06
13,2,12,2.795938458628966e-06
13,2,13,1.7886134440274347e-07
13,2,14,-1.7853501315141112e-06
13,2,15,-2.1102869455489243e-06
13,2,16,-1.0314949730855127e-06
13,2,17,8.853809408775133e-08
13,2,18,-2.227307083096274e-07
13,2,19,-1.955925319676571e-06
13,2,20,-3.552830510861508e-06
13,2,21,-3.0897707352985917e-06
13,2,22,-2.4013379873790846e-07
13,2,23,3.3854489224424418e-06
13,2,24,5.402895556945659e-06
14,0,0,-6.362333173674838e-06
14,0,1,-4.736774715281459e-06
14,0,2,-2.646522846917496e-06
14,0,3,-1.1225597685479615e-06
14,0,4,-6.00046960090521e-07
14,0,5,-9.404047117710348e-07
14,0,6,-1.9370889565264088e-06
14,0,7,-3.340298694390597e-06
14,0,8,-4.771401725679102e-06
14,0,9,-5.533173035160422e-06
14,0,10,-5.060551559756346e-06
14,0,11,-3.3147131528569475e-06
14,0,12,-1.0126475140998233e-06
14,0,13,9.839756022497168e-07
14,0,14,2.18800181378194e-06
14,0,15,2.837816688492956e-06
14,0,16,3.3879183824934934e-06
14,0,17,4.157274150304855e-06
14,0,18,5.071155540541268e-06
14,0,19,6.094397849529389e-06
14,0,20,7.226168343907866e-06
14,0,21,8.472165189967156e-06
14,0,22,9.386958257706212e-06
14,0,23,9.330957393902648e-06
14,0,24,7.914954885271635e-06
14,1,0,1.7038526383802684e-05
14,1,1,1.5524267159298315e-05
14,1,2,1.4777692778914311e-05
14,1,3,1.6942351319433765e-05
14,1,4,2.164762877753196e-05
14,1,5,2.584672222244325e-05
14,1,6,2.6461709452222423e-05
14,1,7,2.2920035167336983e-05
14,1,8,1.779102775934752e-05
14,1,9,1.4631140438465628e-05
14,1,10,1.5490826857605228e-05
14,1,11,1.9560182700364775e-05
14,1,12,2.428250190664085e-05
14,1,13,2.709823933762668e-05
14,1,14,2.707901625732356e-05
14,1,15,2.498642753323804e-05
14,1,16,2.2790827254907443e-05
14,1,17,2.2439250067368146e-05
14,1,18,2.508039798241701e-05
14,1,19,3.023147045979604e-05
14,1,20,3.608334572271772e-05
14,1,21,4.0236049116381236e-05
14,1,22,4.129590004285275e-05
14,1,23,3.9331152806336466e-05
14,1,24,3.567709989923387e-05
14,2,0,2.3504774512823333e-07
14,2,1,1.454442029925829e-06
14,2,2,2.4699013378875524e-06
14,2,3,3.2646993108654285e-06
14,2,4,4.02964985007364e-06
14,2,5,4.723398594604224e-06
14,2,6,4.766173950055411e-06
14,2,7,3.6974710934185764e-06
14,2,8,1.7103539248841464e-06
14,2,9,-1.5334680030030899e-07
14,2,10,-8.639122044354166e-07
14,2,11,-6.374901981368014e-08
14,2,12,1.6723446855391511e-06
14,2,13,3.6514488418336777e-06
14,2,14,5.59711815340341e-06
14,2,15,7.830827351699803e-06
14,2,16,1.0435623854370768e-05
14,2,17,1.2831193644366316e-05
14,2,18,1.3775308821727464e-05
14,2,19,1.2431843973611948e-05
14,2,20,8.913842017176999e-06
14,2,21,4.429241082624398e-06
14,2,22,2.4903388664840453e-07
14,2,23,-2.9504788911623522e-06
14,2,24,-5.389808655587898e-06
15,0,0,-4.722148585067481e-06
15,0,1,-1.0081040241100491e-05
15,0,2,-1.4269630113443433e-05
15,0,3,-1.61128252002459e-05
15,0,4,-1.5901454262829632e-05
15,0,5,-1.4163615043850464e-05
15,0,6,-1.1022871495332514e-05
15,0,7,-6.613919784615482e-06
15,0,8,-1.9663579516571264e-06
15,0,9,1.1997604084689321e-06
15,0,10,1.7271713916652294e-06
15,0,11,3.13987384419642e-07
15,0,12,-8.646396183087339e-07
15,0,13,1.2169337150573862e-07
15,0,14,3.193641580150709e-06
15,0,15,6.3299769896824195e-06
15,0,16,7.201879741838271e-06
15,0,17,5.150812361890447e-06
15,0,18,1.451810952663864e-06
15,0,19,-1.8795899730277612e-06
15,0,20,-3.7554943096711375e-06
15,0,21,-4.445444276674751e-06
15,0,22,-4.906105168976524e-06
15,0,23,-5.6791087381921135e-06
15,0,24,-6.736876194169761e-06
15,1,0,4.5371097024472e-06
15,1,1,1.9197794531043347e-06
15,1,2,-3.858875482568524e-06
15,1,3,-1.0257262481950407e-05
15,1,4,-1.4208464047252593e-05
15,1,5,-1.3504525323931502e-05
15,1,6,-7.764795852579858e-06
15,1,7,1.0889557578061166e-06
15,1,8,9.337666554518661e-06
15,1,9,1.2998252544060384e-05
15,1,10,1.0127344436047141e-05
15,1,11,2.37741263749879e-06
15,1,12,-5.536465769827786e-06
15,1,13,-8.800374184088767e-06
15,1,14,-5.765429973017311e-06
15,1,15,7.722828856031652e-07
15,1,16,5.688330287009741e-06
15,1,17,5.356089684714036e-06
15,1,18,2.9131224871240175e-07
15,1,19,-5.668421083893381e-06
15,1,20,-8.612701040975018e-06
15,1,21,-7.662223038585453e-06
15,1,22,-5.1297459176983065e-06
15,1,23,-4.163175679613659e-06
15,1,24,-5.883615537092879e-06
15,2,0,1.1249171242804022e-05
15,2,1,8.955963991624696e-06
15,2,2,6.5699235234584425e-06
15,2,3,3.792187328264114e-06
15,2,4,1.293050805711886e-07
15,2,5,-3.5170207935360557e-06
15,2,6,-5.014127311507273e-06
15,2,7,-3.0949879607835846e-06
15,2,8,1.0553548393463038e-06
15,2,9,4.4837430991371055e-06
15,2,10,5.141534424400469e-06
15,2,11,3.7155878643499733e-06
15,2,12,2.8613645980663904e-06
15,2,13,4.41666531729665e-06
15,2,14,7.636681516596025e-06
15,2,15,9.972293776978457e-06
15,2,16,9.715001359991747e-06
15,2,17,7.594683961025385e-06
15,2,18,5.927943218124183e-06
15,2,19,6.178180138907284e-06
15,2,20,7.710832256938624e-06
15,2,21,8.664484032086788e-06
15,2,22,8.031878070682331e-06
15,2,23,6.464708081619188e-06
15,2,24,5.3833832573230665e-06
16,0,0,5.105631574816167e-06
16,0,1,3.6769008695431175e-06
16,0,2,3.6578535036189996e-06
16,0,3,5.873836286115813e-06
16,0,4,9.204966909978044e-06
16,0,5,1.143704374715937e-05
16,0,6,1.1025119038673026e-05
16,0,7,8.163932337772954e-06
16,0,8,4.4800123518148405e-06
16,0,9,1.713298323075541e-06
16,0,10,7.547568314893722e-07
16,0,11,1.5518426384236494e-06
16,0,12,3.6694313713450926e-06
16,0,13,6.590136134011835e-06
16,0,14,9.619537156692326e-06
16,0,15,1.1748444551345995e-05
16,0,16,1.214571402578747e-05
16,0,17,1.088295919390148e-05
16,0,18,9.184939836346577e-06
16,0,19,8.58664147079574e-06
16,0,20,9.597274908848476e-06
16,0,21,1.1014741340173277e-05
16,0,22,1.0834587899365838e-05
16,0,23,7.942978964036015e-06
16,0,24,3.2563999896891406e-06
16,1,0,1.3130321363066452e-05
16,1,1,9.820214619043685e-06
16,1,2,7.433607353770841e-06
16,1,3,9.115776765022824e-06
16,1,4,1.4189035784941697e-05
16,1,5,1.8789131998201932e-05
16,1,6,1.864176184010523e-05
16,1,7,1.2308935585378638e-05
16,1,8,1.8367196663282944e-06
16,1,9,-8.477093923728448e-06
16,1,10,-1.4513188432632956e-05
16,1,11,-1.3829383739521854e-05
16,1,12,-6.761925133821369e-06
16,1,13,3.869683553967565e-06
16,1,14,1.356528539168142e-05
16,1,15,1.8567864303091377e-05
16,1,16,1.7853759611640265e-05
16,1,17,1.4073508128222196e-05
16,1,18,1.1292621807131866e-05
16,1,19,1.2079274345439288e-05
16,1,20,1.530421600431898e-05
16,1,21,1.7673206720753855e-05
16,1,22,1.66410000680536e-05
16,1,23,1.2884670478435908e-05
16,1,24,9.030351928189051e-06
16,2,0,3.7825430463028027e-06
16,2,1,1.5736910661720267e-06
16,2,2,-1.2912840440152626e-06
16,2,3,-2.013053047432423e-06
16,2,4,3.577614560177277e-07
16,2,5,4.3314831336529265e-06
16,2,6,7.41581618194753e-06
16,2,7,8.145709701656693e-06
16,2,8,7.165547974546222e-06
16,2,9,6.468425368419666e-06
16,2,10,7.710925389197473e-06
16,2,11,1.0849685511640241e-05
16,2,12,1.425345420423454e-05
16,2,13,1.581849233768496e-05
16,2,14,1.4344627775264942e-05
16,2,15,1.0038321638119541e-05
16,2,16,4.323157619028837e-06
16,2,17,-8.782566641360581e-07
16,2,18,-3.824281941576405e-06
16,2,19,-3.6853962777800295e-06
16,2,20,-1.0372270635288514e-06
16,2,21,2.0242907641349842e-06
16,2,22,2.901621198852955e-06
16,2,23,2.3932586047623303e-08
16,2,24,-5.812534159515561e-06
17,0,0,3.4732777357077626e-06
17,0,1,2.8206930857906944e-06
17,0,2,2.1555004744329556e-06
17,0,3,2.2359989421916963e-06
17,0,4,2.7179551075559864e-06
17,0,5,2.713169892060773e-06
17,0,6,1.957660453694469e-06
17,0,7,1.309924502003744e-06
17,0,8,2.0495061413194963e-06
17,0,9,4.553503162791999e-06
17,0,10,7.656879575233973e-06
17,0,11,9.425955935907823e-06
17,0,12,8.769487015960543e-06
17,0,13,6.465106076506614e-06
17,0,14,4.583997793001089e-06
17,0,15,4.725583928506208e-06
17,0,16,6.5795481603339026e-06
17,0,17,8.209399797581504e-06
17,0,18,7.916840813513334e-06
17,0,19,6.001532254530596e-06
17,0,20,4.671951025143466e-06
17,0,21,6.071176994255586e-06
17,0,22,1.0117870411496539e-05
17,0,23,1.4362766737867393e-05
17,0,24,1.6061864392356785e-05
17,1,0,-4.032893472026377e-06
17,1,1,-4.057642005573512e-07
17,1,2,2.953135707124761e-06
17,1,3,5.6309226167805125e-06
17,1,4,5.965818216049196e-06
17,1,5,3.11747067014643e-06
17,1,6,-9.731131430666987e-07
17,1,7,-2.589098441985505e-06
17,1,8,4.271485586272337e-07
17,1,9,6.122041031906991e-06
17,1,10,9.74276204908657e-06
17,1,11,7.91340510627672e-06
17,1,12,1.9103310763047047e-06
17,1,13,-3.3966684492506966e-06
17,1,14,-3.988797894046423e-06
17,1,15,-5.465203766600004e-07
17,1,16,2.211560455393015e-06
17,1,17,1.939335334576817e-08
17,1,18,-6.641182070606306e-06
17,1,19,-1.2691047057096613e-05
17,1,20,-1.2876538868085126e-05
17,1,21,-6.582360317993689e-06
17,1,22,1.5359575856247181e-06
17,1,23,5.5658126177061354e-06
17,1,24,3.5181944055167117e-06
17,2,0,4.375540512854836e-06
17,2,1,4.99642381497452e-06
17,2,2,5.764360407232088e-06
17,2,3,6.939624394088973e-06
17,2,4,7.755086086999043e-06
17,2,5,7.533341816657658e-06
17,2,6,6.567376938255531e-06
17,2,7,6.029680388374147e-06
17,2,8,6.69783340503027e-06
17,2,9,8.245249168876544e-06
17,2,10,9.522945179945902e-06
17,2,11,9.851849755625793e-06
17,2,12,9.534443375934932e-06
17,2,13,9.493426619465299e-06
17,2,14,1.0024557708895692e-05
17,2,15,1.0404876384630818e-05
17,2,16,9.274594915000271e-06
17,2,17,5.9404196666290176e-06
17,2,18,9.750452736399361e-07
17,2,19,-3.7932874530717715e-06
17,2,20,-6.452151233781519e-06
17,2,21,-5.963104647616551e-06
17,2,22,-2.9733213966345802e-06
17,2,23,7.286503313827842e-07
17,2,24,3.159894596839615e-06
18,0,0,-1.0488664130977004e-05
18,0,1,-1.0533841280072423e-05
18,0,2,-1.0586973961341736e-05
18,0,3,-1.1070219062616585e-05
18,0,4,-1.1790439196533546e-05
18,0,5,-1.1941890439316858e-05
18,0,6,-1.0991528852250854e-05
18,0,7,-9.055648250403227e-06
18,0,8,-7.02271364849379e-06
18,0,9,-5.694860822863664e-06
18,0,10,-5.351471998145385e-06
18,0,11,-5.505049639573128e-06
18,0,12,-5.676315498022406e-06
18,0,13,-5.677767779183838e-06
18,0,14,-5.772644085099272e-06
18,0,15,-5.8744099953822405e-06
18,0,16,-5.515375314975161e-06
18,0,17,-4.0565712574451595e-06
18,0,18,-1.833552260032702e-06
18,0,19,-1.344933841242342e-07
18,0,20,-6.064834541908792e-07
18,0,21,-3.578577214858713e-06
18,0,22,-7.80575076340885e-06
18,0,23,-1.1115492981949714e-05
18,0,24,-1.2403850453870002e-05
18,1,0,-1.1046137097746312e-06
18,1,1,-2.9153249195266497e-06
18,1,2,-5.553610109009557e-06
18,1,3,-8.086837017340018e-06
18,1,4,-1.0085239196302206e-05
18,1,5,-1.0931950400035087e-05
18,1,6,-1.0156035720134684e-05
18,1,7,-7.275748175021232e-06
18,1,8,-2.6187745269508025e-06
18,1,9,3.020079247545234e-06
18,1,10,8.125333382054541e-06
18,1,11,1.1312199226576076e-05
18,1,12,1.1308680573421425e-05
18,1,13,8.046272097844958e-06
18,1,14,2.5713993110273856e-06
18,1,15,-2.5135432599035013e-06
18,1,16,-4.591529864435528e-06
18,1,17,-1.9972440283916928e-06
18,1,18,4.153355319475461e-06
18,1,19,1.0769428787576834e-05
18,1,20,1.3877987137108846e-05
18,1,21,1.1600183088428273e-05
18,1,22,4.8185302866357224e-06
18,1,23,-2.779961183065901e-06
18,1,24,-7.751539057609274e-06
18,2,0,5.113243317987669e-06
18,2,1,1.9365117911800632e-06
18,2,2,-3.448358990224654e-07
18,2,3,-6.642636079807697e-07
18,2,4,4.3105815808526746e-07
18,2,5,1.4155106538889651e-06
18,2,6,1.2057437013526437e-06
18,2,7,1.632132746627451e-08
18,2,8,-9.893426215143238e-07
18,2,9,-8.814558117972154e-07
18,2,10,2.611016764402755e-07
18,2,11,1.567949244135234e-06
18,2,12,2.3319891972344616e-06
18,2,13,2.6158877907243595e-06
18,2,14,3.0113166297609595e-06
18,2,15,3.825034275604922e-06
18,2,16,4.642483760164808e-06
18,2,17,4.638522364982736e-06
18,2,18,3.29118998153977e-06
18,2,19,7.584913532147058e-07
18,2,20,-2.280668593235963e-06
18,2,21,-5.067421882835914e-06
18,2,22,-6.9841903627356925e-06
18,2,23,-7.596182808316241e-06
18,2,24,-6.766067336552847e-06
19,0,0,4.437545860768978e-06
19,0,1,4.582654651205496e-06
19,0,2,5.665268411412177e-06
19,0,3,8.003239173490391e-06
19,0,4,1.038457864537207e-05
19,0,5,1.0909216670130812e-05
19,0,6,8.642392041653647e-06
19,0,7,4.418494493068113e-06
19,0,8,3.23543354444095e-07
19,0,9,-1.8028886457055043e-06
19,0,10,-1.442455344325197e-06
19,0,11,4.184049947572451e-07
19,0,12,2.2089702144437683e-06
19,0,13,2.8228276698875633e-06
19,0,14,2.3300079539465967e-06
19,0,15,1.6837044564325091e-06
19,0,16,1.8934992395071195e-06
19,0,17,2.9408553456805505e-06
19,0,18,3.667409746491867e-06
19,0,19,2.586144403150128e-06
19,0,20,-5.802430309874596e-07
19,0,21,-4.363447871119869e-06
19,0,22,-6.354451856269714e-06
19,0,23,-5.251132539373934e-06
19,0,24,-1.970366822463338e-06
19,1,0,7.72181385992935e-06
19,1,1,1.1718152556559479e-05
19,1,2,1.1599270683329858e-05
19,1,3,8.564962754761243e-06
19,1,4,5.0748644599903656e-06
19,1,5,3.2968223004128374e-06
19,1,6,3.7092283135025316e-06
19,1,7,5.356358895149772e-06
19,1,8,6.6134453921719684e-06
19,1,9,6.530379420831864e-06
19,1,10,5.048353052836515e-06
19,1,11,2.8338836695460026e-06
19,1,12,2.90243660633998e-07
19,1,13,-2.6002111941141807e-06
19,1,14,-6.211896199398057e-06
19,1,15,-1.022277589753681e-05
19,1,16,-1.3506338492595975e-05
19,1,17,-1.4459679584349384e-05
19,1,18,-1.2515470921292465e-05
19,1,19,-8.736165312378335e-06
19,1,20,-5.516011233680116e-06
19,1,21,-4.475871604274907e-06
19,1,22,-5.318571936313202e-06
19,1,23,-5.82289876129141e-06
19,1,24,-4.126374976846388e-06
19,2,0,3.4896555527434573e-06
19,2,1,6.884363495185798e-06
19,2,2,1.102292460982389e-05
19,2,3,1.4777157268425927e-05
19,2,4,1.6811926866873005e-05
19,2,5,1.6438278789177962e-05
19,2,6,1.4040696469276343e-05
19,2,7,1.0860048658224545e-05
19,2,8,8.080876552773661e-06
19,2,9,6.26389892443305e-06
19,2,10,5.3295913742840856e-06
19,2,11,5.111173308015588e-06
19,2,12,5.579615837101687e-06
19,2,13,6.690963445748588e-06
19,2,14,7.897515869802099e-06
19,2,15,8.228408237131806e-06
19,2,16,6.83844274321113e-06
19,2,17,3.8351802348512065e-06
19,2,18,3.560524699728954e-07
19,2,19,-1.983542854303201e-06
19,2,20,-2.1570704442105504e-06
19,2,21,-3.074743563389891e-07
19,2,22,2.220036218544076e-06
19,2,23,3.701689329908256e-06
19,2,24,3.0006835451451466e-06
20,0,0,-3.3291188215519305e-06
20,0,1,-2.9133745990591057e-06
20,0,2,-3.5575318709439683e-06
20,0,3,-4.423308266697387e-06
20,0,4,-4.541605152926111e-06
20,0,5,-3.2638472962161116e-06
20,0,6,-9.00260433581813e-07
20,0,7,1.3307944953373741e-06
20,0,8,1.746575461416698e-06
20,0,9,-4.1360118009510337e-07
20,0,10,-4.27535566818499e-06
20,0,11,-7.580047644470595e-06
20,0,12,-8.584209118129074e-06
20,0,13,-7.432406820746611e-06
20,0,14,-6.227829091619015e-06
20,0,15,-6.9428061704010675e-06
20,0,16,-9.747779549532077e-06
20,0,17,-1.2710808558271205e-05
20,0,18,-1.3873201012118918e-05
20,0,19,-1.2923557562080135e-05
20,0,20,-1.1533826353998127e-05
20,0,21,-1.136557346964178e-05
20,0,22,-1.2576019986268428e-05
20,0,23,-1.3524445440984446e-05
20,0,24,-1.271713864148987e-05
20,1,0,5.184183905783055e-06
20,1,1,1.0535216436081995e-05
20,1,2,1.3869373858356828e-05
20,1,3,1.534050993663087e-05
20,1,4,1.6429121268788293e-05
20,1,5,1.860000948430984e-05
20,1,6,2.1522604540792916e-05
20,1,7,2.3620548369762272e-05
20,1,8,2.3523689365367428e-05
20,1,9,2.2030032742750383e-05
20,1,10,2.1319515098456514e-05
20,1,11,2.3061143636217613e-05
20,1,12,2.607171520790778e-05
20,1,13,2.7219125009613106e-05
20,1,14,2.3609996775872952e-05
20,1,15,1.5317934095009176e-05
20,1,16,4.7509671984151695e-06
20,1,17,-5.1062078306677975e-06
20,1,18,-1.2982211967665132e-05
20,1,19,-1.8490451023305964e-05
20,1,20,-2.113050463431335e-05
20,1,21,-1.9501135393062757e-05
20,1,22,-1.3512387723846548e-05
20,1,23,-5.48594115560414e-06
20,1,24,1.5905317478057184e-07
20,2,0,-1.9955865652224837e-06
20,2,1,2.7102618736579915e-06
20,2,2,4.861608685726056e-06
20,2,3,3.823115605553471e-06
20,2,4,8.481608473596381e-07
20,2,5,-1.5744284844872126e-06
20,2,6,-1.6100910455677252e-06
20,2,7,6.860550558852318e-07
20,2,8,3.165455975124887e-06
20,2,9,3.4251079852010374e-06
20,2,10,6.40114931673127e-07
20,2,11,-3.4986548210526596e-06
20,2,12,-6.317487080655798e-06
20,2,13,-6.176873376900305e-06
20,2,14,-3.910379440701632e-06
20,2,15,-1.6913734977710764e-06
20,2,16,-1.2329588755172135e-06
20,2,17,-2.2738348318439506e-06
20,2,18,-3.4548440968175463e-06
20,2,19,-3.6915775676632674e-06
20,2,20,-3.3753040545898155e-06
20,2,21,-3.467044786524694e-06
20,2,22,-4.398825032758712e-06
20,2,23,-5.225552454808576e-06
20,2,24,-4.807759686418952e-06
21,0,0,1.1668601829277004e-05
21,0,1,1.0992805782831171e-05
21,0,2,9.626390381271247e-06
21,0,3,8.545103028157397e-06
21,0,4,8.745229700509154e-06
21,0,5,1.0100877412235398e-05
21,0,6,1.1804039416708637e-05
21,0,7,1.3050218889306764e-05
21,0,8,1.4031581149441465e-05
21,0,9,1.5352844140162228e-05
21,0,10,1.7507923154744102e-05
21,0,11,2.006124007374033e-05
21,0,12,2.2328093806048385e-05
21,0,13,2.3695544576392237e-05
21,0,14,2.4291515363067612e-05
21,0,15,2.4304562610455785e-05
21,0,16,2.408224281185854e-05
21,0,17,2.3712443715798756e-05
21,0,18,2.3598700123912838e-05
21,0,19,2.3916182173564014e-05
21,0,20,2.469934734533499e-05
21,0,21,2.5160119195992035e-05
21,0,22,2.458060662568519e-05
21,0,23,2.2555060031247283e-05
21,0,24,1.9832024122413603e-05
21,1,0,-1.4282402329629691e-05
21,1,1,-2.1281438556502584e-05
21,1,2,-2.3896935810196183e-05
21,1,3,-2.295509509721912e-05
21,1,4,-2.165891524315126e-05
21,1,5,-2.2830099964310968e-05
21,1,6,-2.640791393120458e-05
21,1,7,-2.9331763362799032e-05
21,1,8,-2.820528794665318e-05
21,1,9,-2.243829546171494e-05
21,1,10,-1.5076632777905204e-05
21,1,11,-1.0359135348811898e-05
21,1,12,-1.015226531884283e-05
21,1,13,-1.2431906546848362e-05
21,1,14,-1.3341738866612146e-05
21,1,15,-1.0885092504705747e-05
21,1,16,-6.754895831065561e-06
21,1,17,-4.5832701972288285e-06
21,1,18,-6.353402663166114e-06
21,1,19,-1.0323590112549662e-05
21,1,20,-1.2497535685506247e-05
21,1,21,-1.022413431884362e-05
21,1,22,-4.603345292181264e-06
21,1,23,4.1681624391377885e-07
21,1,24,1.337306932246462e-06
21,2,0,-3.0639239868827006e-06
21,2,1,-2.790905314874355e-06
21,2,2,-2.958191042550426e-06
21,2,3,-3.94888198998022e-06
21,2,4,-6.271570694255763e-06
21,2,5,-9.654317689797916e-06
21,2,6,-1.2802686442009155e-05
21,2,7,-1.386652895888729e-05
21,2,8,-1.1987392823722476e-05
21,2,9,-7.935526200540752e-06
21,2,10,-3.7224818342921403e-06
21,2,11,-9.199974693485622e-07
21,2,12,1.5190047632926268e-07
21,2,13,3.0855658683812275e-07
21,2,14,1.6917583959346022e-07
21,2,15,-3.066813224219611e-07
21,2,16,-1.4933545794220855e-06
21,2,17,-2.9699664525286877e-06
21,2,18,-3.6753441783883665e-06
21,2,19,-2.6822017789028844e-06
21,2,20,-4.847327163059715e-07
21,2,21,1.3478443380182228e-06
21,2,22,1.2732546755260085e-06
21,2,23,-6.965931892527648e-07
21,2,24,-3.3243374259345215e-06
22,0,0,5.9446226236074796e-06
22,0,1,6.383013628309794e-06
22,0,2,5.960982614546754e-06
22,0,3,4.7929309207824e-06
22,0,4,4.0414529086912475e-06
22,0,5,4.782661270254831e-06
22,0,6,6.559687706134284e-06
22,0,7,7.580146597495623e-06
22,0,8,6.251513061601862e-06
22,0,9,2.9532855918538466e-06
22,0,10,-1.498957339716905e-07
22,0,11,-9.237244877424944e-07
22,0,12,5.947847600918552e-07
22,0,13,2.2449423675253776e-06
22,0,14,1.643968450420997e-06
22,0,15,-1.4318441785320235e-06
22,0,16,-4.813420745325024e-06
22,0,17,-5.718443293236281e-06
22,0,18,-3.3062854110268557e-06
22,0,19,7.249099888912725e-07
22,0,20,3.4642482721740115e-06
22,0,21,3.2399286765967105e-06
22,0,22,5.576232607710148e-07
22,0,23,-2.5519679564344573e-06
22,0,24,-4.468326799914453e-06
22,1,0,-5.242861230634878e-06
22,1,1,3.567635629635462e-06
22,1,2,9.371322224560337e-06
22,1,3,1.0501691733279326e-05
22,1,4,7.459596347160209e-06
22,1,5,2.4246645259388088e-06
22,1,6,-2.1846419584045846e-06
22,1,7,-5.28711105891855e-06
22,1,8,-7.707121518500096e-06
22,1,9,-1.1002924457235996e-05
22,1,10,-1.531873736074175e-05
22,1,11,-1.837815098143221e-05
22,1,12,-1.7013571304005698e-05
22,1,13,-1.0167207953217742e-05
22,1,14,-5.200342534592356e-07
22,1,15,7.2266267292443905e-06
22,1,16,1.0065532264810534e-05
22,1,17,8.96225187428857e-06
22,1,18,7.495902648600229e-06
22,1,19,8.176409150075674e-06
22,1,20,1.0145555430631046e-05
22,1,21,1.051515152747037e-05
22,1,22,7.708586896385428e-06
22,1,23,3.2005257275499505e-06
22,1,24,6.5187010539397274e-09
22,2,0,-1.4290132170689978e-07
22,2,1,-2.409586013053428e-06
22,2,2,-4.654345026444196e-06
22,2,3,-6.599412980108155e-06
22,2,4,-7.566285898034063e-06
22,2,5,-7.051936805090855e-06
22,2,6,-5.5920337141468544e-06
22,2,7,-4.468058317074489e-06
22,2,8,-4.760231675383361e-06
22,2,9,-6.204898183260457e-06
22,2,10,-7.412411033733352e-06
22,2,11,-6.994317040694012e-06
22,2,12,-5.014532946150308e-06
22,2,13,-2.93910402265672e-06
22,2,14,-2.497724964016675e-06
22,2,15,-3.978121881280047e-06
22,2,16,-5.948975465315027e-06
22,2,17,-6.311816199206801e-06
22,2,18,-4.327964116700389e-06
22,2,19,-1.3669652820648106e-06
22,2,20,-1.468789513696399e-07
22,2,21,-2.401682685876193e-06
22,2,22,-7.457839930965972e-06
22,2,23,-1.243330935149728e-05
22,2,24,-1.4538012545190935e-05
23,0,0,7.4160482849988814e-06
23,0,1,8.948407181934e-06
23,0,2,8.942534756456086e-06
23,0,3,8.128177553928307e-06
23,0,4,7.841480808997239e-06
23,0,5,8.921260583670966e-06
23,0,6,1.097369111429812e-05
23,0,7,1.268298238555688e-05
23,0,8,1.2965469988945422e-05
23,0,9,1.1911472570461741e-05
23,0,10,1.0725956395375822e-05
23,0,11,1.0609276954548833e-05
23,0,12,1.165221928286879e-05
23,0,13,1.271333040521786e-05
23,0,14,1.2434875137599184e-05
23,0,15,1.038939751217175e-05
23,0,16,7.4762342796844865e-06
23,0,17,5.170325752906698e-06
23,0,18,4.367908033203825e-06
23,0,19,4.734264873665047e-06
23,0,20,5.103624138080501e-06
23,0,21,4.535980837606538e-06
23,0,22,3.1873718873811415e-06
23,0,23,2.171625815735676e-06
23,0,24,2.536862158707617e-06
23,1,0,1.7754312276235076e-07
23,1,1,2.442508084657722e-06
23,1,2,3.3250886685693803e-06
23,1,3,3.324430921991257e-06
23,1,4,3.5222565727132413e-06
23,1,5,4.430758483607447e-06
23,1,6,5.072092320098054e-06
23,1,7,4.248213435496589e-06
23,1,8,1.9084786174685298e-06
23,1,9,-5.895287332885697e-08
23,1,10,5.193710499128203e-07
23,1,11,4.467556639789515e-06
23,1,12,1.016576513080135e-05
23,1,13,1.5062159442803401e-05
23,1,14,1.7177243972975667e-05
23,1,15,1.6249940623528367e-05
23,1,16,1.2831343529095401e-05
23,1,17,7.832934469056269e-06
23,1,18,2.033003723507802e-06
23,1,19,-3.033011716700333e-06
23,1,20,-5.550983852069583e-06
23,1,21,-4.065222371177335e-06
23,1,22,8.770278458261819e-07
23,1,23,7.133780415533562e-06
23,1,24,1.1775142950613317e-05
23,2,0,3.6749087123186686e-06
23,2,1,4.0369705549362376e-06
23,2,2,2.74642447493299e-06
23,2,3,1.2739441634696967e-06
23,2,4,1.0831577289959168e-06
23,2,5,2.454379355378979e-06
23,2,6,4.229715404380528e-06
23,2,7,5.014635173356311e-06
23,2,8,4.443782811728794e-06
23,2,9,3.634366348292549e-06
23,2,10,4.15975743467558e-06
23,2,11,6.723679789648275e-06
23,2,12,1.0436035673577868e-05
23,2,13,1.354414000334799e-05
23,2,14,1.4564418450957808e-05
23,2,15,1.3180749570850274e-05
23,2,16,1.0081724908722188e-05
23,2,17,6.45410555602581e-06
23,2,18,3.254350352398683e-06
23,2,19,1.0169070416495785e-06
23,2,20,-2.8559714308287177e-07
23,2,21,-9.903932698094678e-07
23,2,22,-1.580817866761317e-06
23,2,23,-2.2155333102085e-06
23,2,24,-2.7322387220601727e-06
24,0,0,7.866052445822244e-07
24,0,1,1.2295666421279926e-06
24,0,2,2.143020751747146e-06
24,0,3,2.569827340361417e-06
24,0,4,2.2070177111889076e-06
24,0,5,1.7546006608857868e-06
24,0,6,2.1599746427355276e-06
24,0,7,3.757742216809536e-06
24,0,8,5.841564867030863e-06
24,0,9,7.326433951708434e-06
24,0,10,7.531424601797752e-06
24,0,11,6.68342555354797e-06
24,0,12,5.352927553487792e-06
24,0,13,3.863278528384357e-06
24,0,14,1.8777118664406141e-06
24,0,15,-9.89972992301516e-07
24,0,16,-4.620887990048348e-06
24,0,17,-8.1039784461387e-06
24,0,18,-1.041733136906037e-05
24,0,19,-1.0981365794503922e-05
24,0,20,-1.0045015519224336e-05
24,0,21,-8.212369115928098e-06
24,0,22,-6.153323284539553e-06
24,0,23,-4.276691170224974e-06
24,0,24,-2.9113957204575006e-06
24,1,0,-1.1437991804450626e-05
24,1,1,-8.38043646336252e-06
24,1,2,-6.588843923920301e-06
24,1,3,-7.1322641059441715e-06
24,1,4,-8.806469981468765e-06
24,1,5,-9.423923033320127e-06
24,1,6,-8.448292772679294e-06
24,1,7,-7.235043557137898e-06
24,1,8,-7.69345508710973e-06
24,1,9,-9.595173612258188e-06
24,1,10,-1.0601481493444835e-05
24,1,11,-8.06902110726045e-06
24,1,12,-2.3586759549694273e-06
24,1,13,3.169189632830241e-06
24,1,14,4.344300824574951e-06
24,1,15,2.3214363755272761e-07
24,1,16,-6.3900036408939e-06
24,1,17,-1.1163136680713095e-05
24,1,18,-1.2440308822826425e-05
24,1,19,-1.1906524191614598e-05
24,1,20,-1.2619488012894807e-05
24,1,21,-1.495342025463909e-05
24,1,22,-1.6415982344332816e-05
24,1,23,-1.3812120802229205e-05
24,1,24,-7.132558054636165e-06
24,2,0,-3.282904848481041e-06
24,2,1,-3.8332102692978116e-06
24,2,2,-3.622585117548109e-06
24,2,3,-4.024241994496315e-06
24,2,4,-5.532959485801263e-06
24,2,5,-7.354928784937466e-06
24,2,6,-8.339576139983922e-06
24,2,7,-7.757570826561313e-06
24,2,8,-5.713919102724366e-06
24,2,9,-2.653875565994073e-06
24,2,10,7.780555395108074e-07
24,2,11,3.899271236046533e-06
24,2,12,5.7796282769172e-06
24,2,13,5.799522564320229e-06
24,2,14,3.9710169085639246e-06
24,2,15,1.2408985824830616e-06
24,2,16,-1.3537332253504836e-06
24,2,17,-3.3740835126818487e-06
24,2,18,-5.388036959882444e-06
24,2,19,-7.981446224919649e-06
24,2,20,-1.1021286064144759e-05
24,2,21,-1.3340475760351502e-05
24,2,22,-1.3942207650351635e-05
24,2,23,-1.2824979976471212e-05
24,2,24,-1.1211252589132673e-05
25,0,0,1.0094069298594358e-05
25,0,1,1.141357732831243e-05
25,0,2,1.1798227381679821e-05
25,0,3,1.1251308919182923e-05
25,0,4,1.0151752363823387e-05
25,0,5,8.943486451726203e-06
25,0,6,7.7320183906353e-06
25,0,7,6.3451007954046235e-06
25,0,8,4.781345413300698e-06
25,0,9,3.6054473267282884e-06
25,0,10,3.6467198331118715e-06
25,0,11,5.2013726283069335e-06
25,0,12,7.397203554497338e-06
25,0,13,8.513028423728843e-06
25,0,14,7.137406752862508e-06
25,0,15,3.3581407979179658e-06
25,0,16,-1.0840394841224248e-06
25,0,17,-3.8034810698411392e-06
25,0,18,-3.357996370157172e-06
25,0,19,-2.1420717394864395e-07
25,0,20,3.463059380682138e-06
25,0,21,5.250673426441637e-06
25,0,22,4.064872033812992e-06
25,0,23,9.127518887494504e-07
25,0,24,-1.841077965004134e-06
25,1,0,-8.309076780402313e-06
25,1,1,-5.451179176190743e-06
25,1,2,-4.930381765715878e-06
25,1,3,-6.625804333959583e-06
25,1,4,-7.826111075904011e-06
25,1,5,-6.401548403012355e-06
25,1,6,-3.228174003097958e-06
25,1,7,-9.84637259655116e-07
25,1,8,-1.1430926121906205e-06
25,1,9,-1.987545176747462e-06
25,1,10,-2.1484129640153674e-07
25,1,11,5.8743146803360744e-06
25,1,12,1.4204788233411134e-05
25,1,13,2.0398962382584245e-05
25,1,14,2.0987193005434315e-05
25,1,15,1.610537898511259e-05
25,1,16,9.030857607250772e-06
25,1,17,3.842632634548583e-06
25,1,18,2.6007636212042694e-06
25,1,19,4.657516616415479e-06
25,1,20,7.374671368621979e-06
25,1,21,8.17176272347402e-06
25,1,22,5.860109100478463e-06
25,1,23,1.4096939804371012e-06
25,1,24,-2.9737554075127335e-06
25,2,0,-3.9131923259571905e-06
25,2,1,-4.411505571877666e-06
25,2,2,-3.962424366291416e-06
25,2,3,-3.0774579958425157e-06
25,2,4,-3.1382893679781157e-06
25,2,5,-5.0337203742605865e-06
25,2,6,-8.114132045140593e-06
25,2,7,-1.0178834933658462e-05
25,2,8,-9.242841180307285e-06
25,2,9,-5.089089321135942e-06
25,2,10,3.0684623655121747e-07
25,2,11,4.407744265532966e-06
25,2,12,5.778343706581274e-06
25,2,13,4.90326936445414e-06
25,2,14,3.113608955585158e-06
25,2,15,1.4937026430496405e-06
25,2,16,2.3551276977617923e-07
25,2,17,-5.771164610045852e-07
25,2,18,-6.089124872018347e-07
25,2,19,6.471745660776905e-07
25,2,20,2.748682386513257e-06
25,2,21,4.285347377127555e-06
25,2,22,3.5844434557725624e-06
25,2,23,4.431905902140302e-07
25,2,24,-3.6505535352359113e-06
26,0,0,6.765729004518746e-06
26,0,1,7.124871732898006e-06
26,0,2,7.433023094365716e-06
26,0,3,6.675746507767534e-06
26,0,4,4.2913507698444755e-06
26,0,5,1.0768867629337478e-06
26,0,6,-1.0298021305718774e-06
26,0,7,-4.6552582500878544e-07
26,0,8,2.6210191599082257e-06
26,0,9,6.3424850886033475e-06
26,0,10,8.630622452441563e-06
26,0,11,8.859024951694903e-06
26,0,12,8.177172398040776e-06
26,0,13,8.188722253329637e-06
26,0,14,9.409933549406877e-06
26,0,15,1.081563839507309e-05
26,0,16,1.0933944740046852e-05
26,0,17,9.173550779723386e-06
26,0,18,6.342972577770762e-06
26,0,19,3.860293930526545e-06
26,0,20,2.7208303841490163e-06
26,0,21,2.8934399300907163e-06
26,0,22,3.613379212039585e-06
26,0,23,3.892812368376178e-06
26,0,24,3.0175006481283434e-06
26,1,0,1.2039775353750589e-05
26,1,1,1.2261059783563906e-05
26,1,2,7.204817773566658e-06
26,1,3,-1.3757699185049332e-06
26,1,4,-9.988860405117054e-06
26,1,5,-1.5250689693736873e-05
26,1,6,-1.554695941624357e-05
26,1,7,-1.1745727708732375e-05
26,1,8,-6.62118410080573e-06
26,1,9,-3.098861680675099e-06
26,1,10,-2.497465030427035e-06
26,1,11,-3.7807091411588205e-06
26,1,12,-4.646667435855305e-06
26,1,13,-3.451892240769486e-06
26,1,14,-5.328640861357099e-07
26,1,15,2.333074952025617e-06
26,1,16,3.4768182167355815e-06
26,1,17,2.6784542968778574e-06
26,1,18,9.088499745217612e-07
26,1,19,-7.240446046696403e-07
26,1,20,-1.7438296968711305e-06
26,1,21,-1.9266261293213047e-06
26,1,22,-8.42280964025059e-07
26,1,23,1.9811465176272614e-06
26,1,24,5.805093765148426e-06
26,2,0,-3.007757003869383e-07
26,2,1,-1.2851463189288888e-06
26,2,2,-2.0578924101905693e-06
26,2,3,-3.0156592851276955e-06
26,2,4,-5.026333094384827e-06
26,2,5,-8.06254768767465e-06
26,2,6,-1.0571762116531088e-05
26,2,7,-1.0491162694858946e-05
26,2,8,-7.156160533892519e-06
26,2,9,-2.1492467887703777e-06
26,2,10,1.8524550162970832e-06
26,2,11,3.3080036284430486e-06
26,2,12,2.923424333764509e-06
26,2,13,2.7049438761585405e-06
26,2,14,3.9317565682885276e-06
26,2,15,6.139504785632785e-06
26,2,16,7.800754363240737e-06
26,2,17,7.838144782381425e-06
26,2,18,6.345356181520687e-06
26,2,19,4.1202919123924054e-06
26,2,20,1.7728107459749761e-06
26,2,21,-5.513626629486005e-07
26,2,22,-2.887438720161113e-06
26,2,23,-5.096140087967031e-06
26,2,24,-7.038991421110799e-06
27,0,0,5.678637256131689e-06
27,0,1,2.566266486651975e-06
27,0,2,1.075660400259603e-06
27,0,3,1.5217541885544235e-06
27,0,4,3.5063276822690313e-06
27,0,5,6.309640687847742e-06
27,0,6,9.345969149875924e-06
27,0,7,1.198484478332802e-05
27,0,8,1.3806700213725865e-05
27,0,9,1.457286874825684e-05
27,0,10,1.4567189135658576e-05
27,0,11,1.424407403953856e-05
27,0,12,1.4090168616215414e-05
27,0,13,1.4143782238290191e-05
27,0,14,1.4232153110405846e-05
27,0,15,1.3974760285202564e-05
27,0,16,1.322882327871506e-05
27,0,17,1.1899477426560257e-05
27,0,18,1.0138750227373095e-05
27,0,19,8.052570166849644e-06
27,0,20,5.998102368060161e-06
27,0,21,4.2855383710177736e-06
27,0,22,3.3129916612597795e-06
27,0,23,3.016605341530577e-06
27,0,24,3.0421314021098443e-06
27,1,0,5.510827113802761e-06
27,1,1,1.0849897242009969e-06
27,1,2,-2.4713539828468702e-06
27,1,3,-3.048722510311808e-06
27,1,4,1.3004906145917975e-08
27,1,5,4.845094080685176e-06
27,1,6,8.28883506601803e-06
27,1,7,7.7938858591506e-06
27,1,8,3.633268770070094e-06
27,1,9,-1.4880513157370227e-06
27,1,10,-4.036387386924771e-06
27,1,11,-2.4116187337421804e-06
27,1,12,2.452322442130799e-06
27,1,13,7.753313663697817e-06
27,1,14,1.1301272920864042e-05
27,1,15,1.2466008960694205e-05
27,1,16,1.229690697207163e-05
27,1,17,1.1676747263947458e-05
27,1,18,1.0668700428865109e-05
27,1,19,8.290215315198007e-06
27,1,20,4.306369437977588e-06
27,1,21,-2.6128066500025157e-07
27,1,22,-3.0241907093553344e-06
27,1,23,-2.4398800087283175e-06
27,1,24,1.1695250752031812e-06
27,2,0,-1.3539695120775251e-06
27,2,1,-4.017320012116916e-07
27,2,2,2.676127627497112e-06
27,2,3,6.611232045832752e-06
27,2,4,1.0174764762908438e-05
27,2,5,1.287100331944977e-05
27,2,6,1.4580264031686095e-05
27,2,7,1.4871370734592833e-05
27,2,8,1.3189953657369367e-05
27,2,9,9.696462219714553e-06
27,2,10,5.844326456784477e-06
27,2,11,3.7119364249668847e-06
27,2,12,4.560534284537237e-06
27,2,13,7.796576508316418e-06
27,2,14,1.1396962678852864e-05
27,2,15,1.3275105645788542e-05
27,2,16,1.2562280067705063e-05
27,2,17,9.791225748285288e-06
27,2,18,6.269951793662484e-06
27,2,19,3.2231750563446434e-06
27,2,20,1.4483675147221702e-06
27,2,21,1.1891793469508358e-06
27,2,22,2.2095666610780787e-06
27,2,23,3.801289915172977e-06
27,2,24,5.1188698160945585e-06
28,0,0,-2.90143457053737e-06
28,0,1,-1.2377708301570574e-06
28,0,2,8.977826061793803e-07
28,0,3,2.323992374000491e-06
28,0,4,2.657690168729091e-06
28,0,5,2.258538222125835e-06
28,0,6,1.6389615001141872e-06
28,0,7,1.2152384623827553e-06
28,0,8,1.3605980005122886e-06
28,0,9,2.5178779117167424e-06
28,0,10,4.757961212776022e-06
28,0,11,7.403102901018825e-06
28,0,12,9.118348816077764e-06
28,0,13,8.897875655550517e-06
28,0,14,6.9743925580664345e-06
28,0,15,4.82661714984651e-06
28,0,16,3.889274797731448e-06
28,0,17,4.303245869327274e-06
28,0,18,4.791678364660454e-06
28,0,19,4.1103602301010515e-06
28,0,20,2.4484840106342394e-06
28,0,21,1.5629566638449265e-06
28,0,22,3.088837957518554e-06
28,0,23,6.8165326517210536e-06
28,0,24,1.0446811366965044e-05
28,1,0,-3.565328132403315e-05
28,1,1,-3.38245828553972e-05
28,1,2,-3.171632171837719e-05
28,1,3,-2.9971532504581393e-05
28,1,4,-2.864624008847385e-05
28,1,5,-2.7432307660502303e-05
28,1,6,-2.629948760922234e-05
28,1,7,-2.5770190788733816e-05
28,1,8,-2.6341792937804647e-05
28,1,9,-2.772886987650945e-05
28,1,10,-2.884994362164204e-05
28,1,11,-2.8862222527894707e-05
28,1,12,-2.803328139570774e-05
28,1,13,-2.745787828632262e-05
28,1,14,-2.7705147343950673e-05
28,1,15,-2.8012379024362245e-05
28,1,16,-2.692201564158522e-05
28,1,17,-2.388927422671428e-05
28,1,18,-1.9878417084044468e-05
28,1,19,-1.6267625566368927e-05
28,1,20,-1.3268541276731209e-05
28,1,21,-9.975646538297033e-06
28,1,22,-6.128366021955251e-06
28,1,23,-3.7104848714012253e-06
28,1,24,-5.907171814017694e-06
28,2,0,-5.5315519517798255e-06
28,2,1,-2.6054704382550217e-06
28,2,2,1.4524723372208486e-06
28,2,3,4.190572207024465e-06
28,2,4,4.503829835621897e-06
28,2,5,3.064721431849098e-06
28,2,6,1.5773143112189403e-06
28,2,7,1.3590532237383083e-06
28,2,8,2.508942489936556e-06
28,2,9,3.967540819761951e-06
28,2,10,4.5164307030037885e-06
28,2,11,3.746651110655085e-06
28,2,12,2.5420304533769252e-06
28,2,13,2.437692855836903e-06
28,2,14,4.496070754306513e-06
28,2,15,8.160768023759393e-06
28,2,16,1.1320648796279335e-05
28,2,17,1.1487994368707675e-05
28,2,18,7.812406081937715e-06
28,2,19,2.0764233650153255e-06
28,2,20,-2.0235586208891472e-06
28,2,21,-1.4217893506562144e-06
28,2,22,4.078591579694733e-06
28,2,23,1.1403877021476654e-05
28,2,24,1.6495889822425538e-05
29,0,0,-4.198569212157378e-06
29,0,1,-6.234816921415803e-06
29,0,2,-8.582090359240252e-06
29,0,3,-8.659182041694327e-06
29,0,4,-5.752548253667327e-06
29,0,5,-1.869434191238551e-06
29,0,6,1.4972578351544798e-07
29,0,7,-7.749105977346835e-07
29,0,8,-2.830508898455316e-06
29,0,9,-3.0828600306536628e-06
29,0,10,-1.9585927767271492e-07
29,0,11,4.101766232636998e-06
29,0,12,6.509984911335406e-06
29,0,13,4.882070497831448e-06
29,0,14,1.2749420838087197e-07
29,0,15,-4.724058160171778e-06
29,0,16,-6.883856360932533e-06
29,0,17,-5.997680726310136e-06
29,0,18,-3.964336851778802e-06
29,0,19,-3.290058206316019e-06
29,0,20,-4.967537899017898e-06
29,0,21,-8.05844986828528e-06
29,0,22,-1.0562507098307937e-05
29,0,23,-1.1240998159494221e-05
29,0,24,-1.0295459804802532e-05
29,1,0,6.408099220598429e-07
29,1,1,-2.1141859493935245e-06
29,1,2,-5.396606582888126e-06
29,1,3,-5.413649422459667e-06
29,1,4,-1.6649381243754268e-06
29,1,5,2.5592959372547775e-06
29,1,6,3.212484855460708e-06
29,1,7,-4.895860984300985e-07
29,1,8,-5.540112116040469e-06
29,1,9,-8.145514705989727e-06
29,1,10,-7.72927535457388e-06
29,1,11,-7.392877270035478e-06
29,1,12,-1.0831686975021836e-05
29,1,13,-1.82569029667512e-05
29,1,14,-2.5803083938406163e-05
29,1,15,-2.8508631355257793e-05
29,1,16,-2.4693837990147436e-05
29,1,17,-1.7281130097339002e-05
29,1,18,-1.1591150714511432e-05
29,1,19,-1.1132518723020607e-05
29,1,20,-1.5531167677602432e-05
29,1,21,-2.1276533105806005e-05
29,1,22,-2.47567633829156e-05
29,1,23,-2.4334382395586104e-05
29,1,24,-2.0830949089299124e-05
29,2,0,-5.6780744608018454e-06
29,2,1,-3.936723864625749e-06
29,2,2,-2.0705138321530268e-06
29,2,3,4.005628457551407e-07
29,2,4,3.0420262645207527e-06
29,2,5,4.565375343007971e-06
29,2,6,3.9724644603528366e-06
29,2,7,1.6447551633497535e-06
29,2,8,-7.751252384875004e-07
29,2,9,-1.6915714038211313e-06
29,2,10,-8.499992999771969e-07
29,2,11,4.860979588231465e-07
29,2,12,6.766771649260395e-07
29,2,13,-9.442521472652761e-07
29,2,14,-3.5894522250688027e-06
29,2,15,-5.77986329035164e-06
29,2,16,-6.561691504891089e-06
29,2,17,-6.30756049153485e-06
29,2,18,-6.409656730298424e-06
29,2,19,-8.252872189782516e-06
29,2,20,-1.2122158112660541e-05
29,2,21,-1.6910489900566483e-05
29,2,22,-2.076729027999252e-05
29,2,23,-2.2403220979917357e-05
29,2,24,-2.1918847377599732e-05
30,0,0,7.770588970118595e-06
30,0,1,5.808077635410466e-06
30,0,2,3.506840637288475e-06
30,0,3,2.9648485438666083e-06
30,0,4,4.987267749776396e-06
30,0,5,8.166549499765774e-06
30,0,6,1.0237320537024295e-05
30,0,7,9.954034761073584e-06
30,0,8,7.995908646084868e-06
30,0,9,5.842321202836128e-06
30,0,10,4.438589596904286e-06
30,0,11,3.6133453788361747e-06
30,0,12,2.9630999493269236e-06
30,0,13,2.431791508427042e-06
30,0,14,2.336869182079012e-06
30,0,15,2.5721922085202064e-06
30,0,16,2.6446385557662847e-06
30,0,17,2.1474458073350903e-06
30,0,18,1.4920554571707146e-06
30,0,19,1.3271775258039963e-06
30,0,20,1.6991391274484113e-06
30,0,21,1.5457037309941457e-06
30,0,22,-1.7833132498870362e-07
30,0,23,-3.3278273390561683e-06
30,0,24,-6.194173421577339e-06
30,1,0,-4.9857634455172475e-06
30,1,1,-6.901865083891749e-06
30,1,2,-7.840927108614549e-06
30,1,3,-5.722104555162295e-06
30,1,4,-8.005997307164087e-07
30,1,5,4.875239101125695e-06
30,1,6,9.146379443204095e-06
30,1,7,1.1186254581185124e-05
30,1,8,1.1151935343799147e-05
30,1,9,9.33023343610925e-06
30,1,10,5.615171259704734e-06
30,1,11,2.1788889950575292e-07
30,1,12,-5.978327770161669e-06
30,1,13,-1.1734355386811945e-05
30,1,14,-1.6557885347796755e-05
30,1,15,-2.0814610198637245e-05
30,1,16,-2.497449496257297e-05
30,1,17,-2.8406206243205157e-05
30,1,18,-2.9828609411844745e-05
30,1,19,-2.8670428282326875e-05
30,1,20,-2.6397119320327326e-05
30,1,21,-2.538806913067503e-05
30,1,22,-2.6878648023175413e-05
30,1,23,-2.947593209949779e-05
30,1,24,-3.064488746721129e-05
30,2,0,1.7077276679441727e-06
30,2,1,-2.5611593100275363e-06
30,2,2,-5.196410788938004e-06
30,2,3,-4.609740859019433e-06
30,2,4,-1.2928353691511933e-06
30,2,5,2.3415490780861906e-06
30,2,6,4.244600194891544e-06
30,2,7,4.132519886941013e-06
30,2,8,3.419643740951362e-06
30,2,9,3.1593710916814736e-06
30,2,10,3.107888233825761e-06
30,2,11,2.0419311417344937e-06
30,2,12,-3.0401668480500056e-07
30,2,13,-2.8319187971630134e-06
30,2,14,-3.757563955845332e-06
30,2,15,-2.602330316800889e-06
30,2,16,-3.6624399490441785e-07
30,2,17,1.2092187897104308e-06
30,2,18,1.4642144596925294e-06
30,2,19,8.270280100532788e-07
30,2,20,2.805371692341586e-07
30,2,21,-2.588607553581592e-08
30,2,22,-4.611416966830306e-07
30,2,23,-1.5749532629379554e-06
30,2,24,-3.1505257098781044e-06
