level_0,level_1,level_2,incorr2_data
0,0,0,-5.828327353348244e-06
0,0,1,-7.239625227715822e-06
0,0,2,-8.773701978269247e-06
0,0,3,-1.004696402070245e-05
0,0,4,-1.0195932706710809e-05
0,0,5,-8.454463512423834e-06
0,0,6,-5.103236329533886e-06
0,0,7,-1.6149239185860216e-06
0,0,8,1.6886146137642403e-07
0,0,9,-5.085412870648182e-07
0,0,10,-2.810442170854261e-06
0,0,11,-4.9659280933717716e-06
0,0,12,-5.774908726940433e-06
0,0,13,-5.324586606764593e-06
0,0,14,-4.685853197564045e-06
0,0,15,-4.703761148508803e-06
0,0,16,-5.380262962853728e-06
0,0,17,-5.993514149120287e-06
0,0,18,-6.041624964369459e-06
0,0,19,-5.623549161224426e-06
0,0,20,-5.317049805957634e-06
0,0,21,-5.455325016901082e-06
0,0,22,-5.901594428625432e-06
0,0,23,-6.155196843653124e-06
0,0,24,-5.964476893243034e-06
0,1,0,-1.963447386669142e-06
0,1,1,1.82268629929503e-07
0,1,2,3.4807250422347336e-06
0,1,3,6.531415517211563e-06
0,1,4,8.230854414118145e-06
0,1,5,8.770849802841986e-06
0,1,6,9.368249587614081e-06
0,1,7,1.1381398677688442e-05
0,1,8,1.506325374684488e-05
0,1,9,1.9287786850337484e-05
0,1,10,2.18459932129233e-05
0,1,11,2.0715660083992925e-05
0,1,12,1.5267152275680036e-05
0,1,13,7.303628917418477e-06
0,1,14,3.861024709530309e-07
0,1,15,-1.916279171742933e-06
0,1,16,1.3790421895412027e-06
0,1,17,7.951276466222873e-06
0,1,18,1.3490446345738264e-05
0,1,19,1.4998213960762527e-05
0,1,20,1.2670888288630368e-05
0,1,21,9.46434097846919e-06
0,1,22,8.040855874916252e-06
0,1,23,8.678906435484533e-06
0,1,24,9.31942427331655e-06
0,2,0,-7.052371907362667e-06
0,2,1,-9.807922616067118e-06
0,2,2,-1.0606798763348514e-05
0,2,3,-9.029903729193339e-06
0,2,4,-6.1856787409361996e-06
0,2,5,-3.6070174784048263e-06
0,2,6,-2.0593521492086667e-06
0,2,7,-1.3694531139091118e-06
0,2,8,-1.248046574299219e-06
0,2,9,-1.8239378094980535e-06
0,2,10,-3.351598984329573e-06
0,2,11,-5.394741391125937e-06
0,2,12,-6.76025821190712e-06
0,2,13,-6.384804241505327e-06
0,2,14,-4.480751225321571e-06
0,2,15,-2.534196429696998e-06
0,2,16,-2.0872774568469625e-06
0,2,17,-3.296298067658924e-06
0,2,18,-4.846975643352241e-06
0,2,19,-5.130045323358592e-06
0,2,20,-3.759848970368116e-06
0,2,21,-1.8576425922543565e-06
0,2,22,-1.0092245397892244e-06
0,2,23,-1.7669179478154394e-06
0,2,24,-3.220838382522029e-06
1,0,0,7.57148675261418e-06
1,0,1,4.937742852143836e-06
1,0,2,2.0723307752205682e-07
1,0,3,-3.837982569968067e-06
1,0,4,-5.437049630091333e-06
1,0,5,-4.683188014250255e-06
1,0,6,-3.255263848890756e-06
1,0,7,-2.7690361506464684e-06
1,0,8,-3.6687212378713665e-06
1,0,9,-4.788010918170375e-06
1,0,10,-4.5588458985477065e-06
1,0,11,-2.2223670716005122e-06
1,0,12,1.1521423574565234e-06
1,0,13,3.515417172453994e-06
1,0,14,3.1422936913107506e-06
1,0,15,2.2929421334698085e-07
1,0,16,-3.332182727348919e-06
1,0,17,-5.12133272778366e-06
1,0,18,-4.248548493349715e-06
1,0,19,-1.7489526987036157e-06
1,0,20,1.0282983720095583e-07
1,0,21,-8.847287194797856e-08
1,0,22,-2.0638816147899305e-06
1,0,23,-4.133847021629616e-06
1,0,24,-5.1171930716373845e-06
1,1,0,7.844948530447832e-06
1,1,1,1.5192598447279606e-05
1,1,2,1.653500973671689e-05
1,1,3,1.1798213557360148e-05
1,1,4,4.361503371418503e-06
1,1,5,-2.236098440913553e-06
1,1,6,-6.674360437821378e-06
1,1,7,-9.541039759206245e-06
1,1,8,-1.113331180241237e-05
1,1,9,-1.05120032205638e-05
1,1,10,-6.653284898682085e-06
1,1,11,-5.107293039762124e-07
1,1,12,4.937411796067457e-06
1,1,13,6.854097693847084e-06
1,1,14,4.9616214539957625e-06
1,1,15,1.4963414510166858e-06
1,1,16,-1.00220787900996e-06
1,1,17,-1.9614197591507953e-06
1,1,18,-2.5541098164890487e-06
1,1,19,-3.7334110503872632e-06
1,1,20,-4.79459202193047e-06
1,1,21,-4.428325767142895e-06
1,1,22,-2.8513683416502483e-06
1,1,23,-2.5596311770068465e-06
1,1,24,-6.187384225426378e-06
1,2,0,6.029688755725528e-06
1,2,1,5.389306978302924e-06
1,2,2,3.6511497999712787e-06
1,2,3,1.4655489612883264e-06
1,2,4,-7.475439756469862e-09
1,2,5,1.2991556468799588e-08
1,2,6,1.3147288168879792e-06
1,2,7,2.9145134683416363e-06
1,2,8,4.091651196211035e-06
1,2,9,5.044670326835219e-06
1,2,10,6.65975977345943e-06
1,2,11,9.389583423252527e-06
1,2,12,1.255670086332337e-05
1,2,13,1.4693670019133684e-05
1,2,14,1.4820853760124796e-05
1,2,15,1.3259127642629705e-05
1,2,16,1.1373175390270356e-05
1,2,17,1.0236943642414264e-05
1,2,18,9.736800129328668e-06
1,2,19,8.771109554532683e-06
1,2,20,6.564234452115139e-06
1,2,21,3.6154630463313385e-06
1,2,22,1.5982885326469467e-06
1,2,23,1.966778683912436e-06
1,2,24,4.670078193625668e-06
2,0,0,-3.3247623418655216e-06
2,0,1,-3.331581733241032e-06
2,0,2,-2.7283790083872746e-06
2,0,3,-2.11829832069834e-06
2,0,4,-2.175706718523341e-06
2,0,5,-3.0234278251881194e-06
2,0,6,-3.896885085711405e-06
2,0,7,-3.4392626333545906e-06
2,0,8,-8.069350890044228e-07
2,0,9,3.3995275368377937e-06
2,0,10,7.151022252548816e-06
2,0,11,8.414330057221725e-06
2,0,12,6.773154846970435e-06
2,0,13,4.004532880217326e-06
2,0,14,2.6534903040326612e-06
2,0,15,3.861385687982822e-06
2,0,16,6.1856256264448246e-06
2,0,17,6.800758375378449e-06
2,0,18,3.938219073937744e-06
2,0,19,-1.349836040495314e-06
2,0,20,-5.983643221075917e-06
2,0,21,-7.33460557982669e-06
2,0,22,-5.448057790327746e-06
2,0,23,-2.804738001898683e-06
2,0,24,-2.152293777965661e-06
2,1,0,-4.991921816133659e-06
2,1,1,-9.120680032932086e-06
2,1,2,-1.1925575559315464e-05
2,1,3,-1.2624210109456776e-05
2,1,4,-1.0513766185119987e-05
2,1,5,-6.080038746963831e-06
2,1,6,-4.688514833848445e-07
2,1,7,4.686447643309982e-06
2,1,8,8.490944436849196e-06
2,1,9,1.0535222984443945e-05
2,1,10,1.1320739018155096e-05
2,1,11,1.135942237498309e-05
2,1,12,1.1434836949182105e-05
2,1,13,1.1799113593330434e-05
2,1,14,1.274391707629214e-05
2,1,15,1.4077233418576169e-05
2,1,16,1.5972119819423103e-05
2,1,17,1.8218410240015536e-05
2,1,18,2.0583047023349206e-05
2,1,19,2.1741346023382182e-05
2,1,20,2.03792547234968e-05
2,1,21,1.5569776819661656e-05
2,1,22,8.761959310100737e-06
2,1,23,2.966186774390738e-06
2,1,24,1.7603473941940422e-06
2,2,0,8.343595379029889e-06
2,2,1,1.1035490916406598e-05
2,2,2,1.1059674744684988e-05
2,2,3,7.867162029374941e-06
2,2,4,3.6964098949847347e-06
2,2,5,1.4722634879231597e-06
2,2,6,2.2828672057607907e-06
2,2,7,4.708597113809132e-06
2,2,8,6.540396231828572e-06
2,2,9,6.95432110109286e-06
2,2,10,7.045203633814358e-06
2,2,11,8.276389540333516e-06
2,2,12,1.0700060534245303e-05
2,2,13,1.2761038860004971e-05
2,2,14,1.2891959532882412e-05
2,2,15,1.109530874763144e-05
2,2,16,8.907489378489394e-06
2,2,17,7.754265358967934e-06
2,2,18,7.552970167805926e-06
2,2,19,6.978013802224974e-06
2,2,20,5.168435095292479e-06
2,2,21,2.930639901038015e-06
2,2,22,2.1673797487077075e-06
2,2,23,3.976399662087107e-06
2,2,24,7.4330754812613185e-06
3,0,0,5.012446565273352e-06
3,0,1,3.4574834504814207e-06
3,0,2,3.502169108632677e-06
3,0,3,5.034054340720054e-06
3,0,4,6.2908730824980585e-06
3,0,5,5.591219898275581e-06
3,0,6,2.8442097087459216e-06
3,0,7,-3.5831645243038717e-07
3,0,8,-2.268699460883337e-06
3,0,9,-2.360908218798722e-06
3,0,10,-1.535258547986519e-06
3,0,11,-8.990779085529468e-07
3,0,12,-6.884656716282019e-07
3,0,13,-1.551737250723511e-07
3,0,14,1.3536209937026124e-06
3,0,15,3.5503705095554956e-06
3,0,16,5.208734078532778e-06
3,0,17,5.233260604419902e-06
3,0,18,3.5099270985544033e-06
3,0,19,1.043664649022868e-06
3,0,20,-9.677300257456304e-07
3,0,21,-2.0018773582694468e-06
3,0,22,-2.561018156447718e-06
3,0,23,-3.4667944935790366e-06
3,0,24,-5.034258067536287e-06
3,1,0,1.4220582882435362e-05
3,1,1,6.837114880926755e-06
3,1,2,-2.2328864693769095e-06
3,1,3,-7.571758145837233e-06
3,1,4,-6.8715847306375895e-06
3,1,5,-2.365188846625873e-06
3,1,6,1.2562264788193846e-06
3,1,7,8.894851949419946e-07
3,1,8,-2.927274770591311e-06
3,1,9,-6.968997435415124e-06
3,1,10,-8.453222234036358e-06
3,1,11,-6.9338552872107205e-06
3,1,12,-4.085587413045017e-06
3,1,13,-1.7046814063446616e-06
3,1,14,-5.120522549891248e-07
3,1,15,-1.5535531706094978e-07
3,1,16,-3.525035533815918e-07
3,1,17,-1.1752986386055387e-06
3,1,18,-2.843897570159622e-06
3,1,19,-5.095365198469574e-06
3,1,20,-7.69663904620914e-06
3,1,21,-1.0953218024458257e-05
3,1,22,-1.593196235356051e-05
3,1,23,-2.3009941266532107e-05
3,1,24,-3.06990904418616e-05
3,2,0,8.87554355851253e-06
3,2,1,8.531972107255414e-06
3,2,2,8.551790360900242e-06
3,2,3,8.007134721255073e-06
3,2,4,5.723796579130687e-06
3,2,5,1.7529151852793456e-06
3,2,6,-2.2323391354572267e-06
3,2,7,-3.87175974850371e-06
3,2,8,-2.1247153516117904e-06
3,2,9,1.7618909886248926e-06
3,2,10,4.916869220831344e-06
3,2,11,5.138762284508157e-06
3,2,12,2.5311667209013057e-06
3,2,13,-5.252653032639015e-07
3,2,14,-1.417772476296508e-06
3,2,15,7.955691335470005e-07
3,2,16,4.749690631632739e-06
3,2,17,8.250564983588679e-06
3,2,18,9.979169557026318e-06
3,2,19,1.0379361056089191e-05
3,2,20,1.0588135204194263e-05
3,2,21,1.1082641305236386e-05
3,2,22,1.0958791408073772e-05
3,2,23,9.005123272381695e-06
3,2,24,5.002946347274948e-06
4,0,0,-5.187562496751546e-06
4,0,1,-2.877454469075213e-06
4,0,2,-7.640285389405502e-08
4,0,3,2.149543829744403e-06
4,0,4,3.5434277906965872e-06
4,0,5,4.560591764603245e-06
4,0,6,5.345172473949155e-06
4,0,7,5.49277655408664e-06
4,0,8,4.225044603320502e-06
4,0,9,1.3714869259915226e-06
4,0,10,-2.535627792479977e-06
4,0,11,-6.389661670880937e-06
4,0,12,-9.458680283361005e-06
4,0,13,-1.1529801294185983e-05
4,0,14,-1.3045690333220216e-05
4,0,15,-1.4342763674896411e-05
4,0,16,-1.550968031925604e-05
4,0,17,-1.6060129804035717e-05
4,0,18,-1.5555780787386455e-05
4,0,19,-1.3780153154379173e-05
4,0,20,-1.1353291653006024e-05
4,0,21,-9.17663578579777e-06
4,0,22,-8.166914025247677e-06
4,0,23,-8.356723389548782e-06
4,0,24,-9.200989143891096e-06
4,1,0,4.4446588370385955e-06
4,1,1,7.726012087535291e-06
4,1,2,1.0757304131627887e-05
4,1,3,1.0619234102692216e-05
4,1,4,7.23460627207877e-06
4,1,5,3.20004915231912e-06
4,1,6,1.3647584840875449e-06
4,1,7,2.5538193238769738e-06
4,1,8,5.011531613589734e-06
4,1,9,5.894520742527517e-06
4,1,10,3.1995140056286224e-06
4,1,11,-2.869196257060058e-06
4,1,12,-1.0019491459533443e-05
4,1,13,-1.4990561108429892e-05
4,1,14,-1.5484073313647108e-05
4,1,15,-1.1489884662524007e-05
4,1,16,-5.416813372675341e-06
4,1,17,-3.4974191815324184e-07
4,1,18,2.0694229841914654e-06
4,1,19,2.7514454314584157e-06
4,1,20,3.97090267602768e-06
4,1,21,7.297241354133803e-06
4,1,22,1.210391292107534e-05
4,1,23,1.629787172262179e-05
4,1,24,1.8042975257791206e-05
4,2,0,2.0598010758001513e-06
4,2,1,3.6581889252700116e-06
4,2,2,3.370138852202539e-06
4,2,3,1.995701707253444e-06
4,2,4,1.3632572721104287e-06
4,2,5,2.4374740314083955e-06
4,2,6,3.9312141456403075e-06
4,2,7,3.6560286934221706e-06
4,2,8,5.036313343693979e-07
4,2,9,-4.17921261803005e-06
4,2,10,-8.09034984972849e-06
4,2,11,-9.913436372173e-06
4,2,12,-1.0590431496451517e-05
4,2,13,-1.1734077445226942e-05
4,2,14,-1.3922642600035554e-05
4,2,15,-1.570609334278618e-05
4,2,16,-1.5394856975244086e-05
4,2,17,-1.2652349148353174e-05
4,2,18,-9.264943357081238e-06
4,2,19,-7.2198862820101704e-06
4,2,20,-7.289474996860696e-06
4,2,21,-8.288118384182353e-06
4,2,22,-8.897969515405139e-06
4,2,23,-8.740066680909195e-06
4,2,24,-8.920777460078185e-06
5,0,0,-4.580328891319466e-06
5,0,1,-4.25688383051673e-06
5,0,2,-5.1727089928587365e-06
5,0,3,-5.824255727406675e-06
5,0,4,-4.398620214548821e-06
5,0,5,-4.348654848625629e-07
5,0,6,4.442527345223759e-06
5,0,7,7.956182644515224e-06
5,0,8,9.036417894142386e-06
5,0,9,8.76534335803752e-06
5,0,10,9.087008355783421e-06
5,0,11,1.1007558514709523e-05
5,0,12,1.3567341577333828e-05
5,0,13,1.5037443014419716e-05
5,0,14,1.4551310085524766e-05
5,0,15,1.2983105455273468e-05
5,0,16,1.1691136925535452e-05
5,0,17,1.10312810472683e-05
5,0,18,9.754936909143802e-06
5,0,19,6.546792526262513e-06
5,0,20,1.5245979966303032e-06
5,0,21,-3.2956123086435684e-06
5,0,22,-5.807589054849393e-06
5,0,23,-5.571758166559161e-06
5,0,24,-4.400215468279502e-06
5,1,0,-4.29944636420453e-06
5,1,1,-4.84052296024595e-06
5,1,2,-6.575538380032976e-06
5,1,3,-9.113947589251361e-06
5,1,4,-1.0421236375570092e-05
5,1,5,-9.222139625394933e-06
5,1,6,-6.989467614871897e-06
5,1,7,-7.012402888805088e-06
5,1,8,-1.1255043668281935e-05
5,1,9,-1.8008629826957428e-05
5,1,10,-2.2838049675718685e-05
5,1,11,-2.2014041642867644e-05
5,1,12,-1.5452315213379487e-05
5,1,13,-6.637814757372285e-06
5,1,14,2.7081839397132035e-08
5,1,15,2.095696467527787e-06
5,1,16,-1.404433440266291e-07
5,1,17,-4.836660881886792e-06
5,1,18,-1.0324410840580772e-05
5,1,19,-1.584220613909447e-05
5,1,20,-2.1313842761815972e-05
5,1,21,-2.6702110005760336e-05
5,1,22,-3.1738784055058413e-05
5,1,23,-3.577488877102566e-05
5,1,24,-3.7758946399337736e-05
5,2,0,-7.781365754899429e-07
5,2,1,-8.768162064059257e-07
5,2,2,-4.046627206025677e-06
5,2,3,-8.134816865350183e-06
5,2,4,-9.511367676017695e-06
5,2,5,-6.09001699538461e-06
5,2,6,5.318871978619788e-07
5,2,7,6.238476728150273e-06
5,2,8,7.65700399411103e-06
5,2,9,4.857661842459429e-06
5,2,10,8.301272042452219e-07
5,2,11,-1.2697131940540027e-06
5,2,12,-7.595113970126791e-07
5,2,13,6.572418995058352e-07
5,2,14,9.330670903067321e-07
5,2,15,-2.6674550042149186e-07
5,2,16,-1.7438526161379567e-06
5,2,17,-2.3315524578721624e-06
5,2,18,-2.3259015853069022e-06
5,2,19,-2.9609873750021656e-06
5,2,20,-5.002250765716667e-06
5,2,21,-7.6299359761914e-06
5,2,22,-9.216397439560254e-06
5,2,23,-8.838772323374036e-06
5,2,24,-7.368852785231213e-06
6,0,0,1.2121160760755715e-06
6,0,1,8.016583825650475e-07
6,0,2,-1.8249406183711714e-06
6,0,3,-5.350329672782937e-06
6,0,4,-7.355291855227824e-06
6,0,5,-6.099190159083382e-06
6,0,6,-2.2324329953118483e-06
6,0,7,1.4172280527599142e-06
6,0,8,2.019371489118732e-06
6,0,9,-7.454862154318525e-07
6,0,10,-4.206701186306046e-06
6,0,11,-4.827393494535512e-06
6,0,12,-1.3019694245772068e-06
6,0,13,4.294895252649042e-06
6,0,14,8.216667751750613e-06
6,0,15,8.153970096459165e-06
6,0,16,4.849727046765044e-06
6,0,17,1.0847171486348138e-06
6,0,18,-9.037763582523181e-07
6,0,19,-8.594943338557232e-07
6,0,20,8.93029279842623e-08
6,0,21,1.1245476511472484e-06
6,0,22,2.3483510071631666e-06
6,0,23,3.9555293049555905e-06
6,0,24,5.103872612036728e-06
6,1,0,1.7676551842316822e-06
6,1,1,2.3451137061987014e-07
6,1,2,-4.135330589409255e-06
6,1,3,-8.559296966482652e-06
6,1,4,-9.294115581974245e-06
6,1,5,-4.85776334206966e-06
6,1,6,2.6205631392579615e-06
6,1,7,8.481800013183428e-06
6,1,8,9.287185232243465e-06
6,1,9,5.100013807858545e-06
6,1,10,-5.445486375919106e-07
6,1,11,-3.838574832926687e-06
6,1,12,-3.158472147104846e-06
6,1,13,8.727720187830496e-09
6,1,14,3.106935447161986e-06
6,1,15,4.164969930788053e-06
6,1,16,2.9615910975941986e-06
6,1,17,9.100494360475293e-09
6,1,18,-3.880944553734839e-06
6,1,19,-8.170897612100802e-06
6,1,20,-1.1775188061551197e-05
6,1,21,-1.3700667681834362e-05
6,1,22,-1.354586877090288e-05
6,1,23,-1.2897420866748999e-05
6,1,24,-1.4248058353987457e-05
6,2,0,7.754187506220302e-06
6,2,1,7.14456629526155e-06
6,2,2,4.649175458482286e-06
6,2,3,9.89481683256297e-07
6,2,4,-2.0991199875352153e-06
6,2,5,-2.6831025424689427e-06
6,2,6,-3.915749006551442e-07
6,2,7,3.168026934786169e-06
6,2,8,5.3222612106764485e-06
6,2,9,4.687832258064593e-06
6,2,10,2.2121850963635007e-06
6,2,11,5.661579591796288e-07
6,2,12,1.5654575924131285e-06
6,2,13,4.801608955558149e-06
6,2,14,7.843957545006013e-06
6,2,15,8.575762458808904e-06
6,2,16,6.5877554406449995e-06
6,2,17,3.342880567988463e-06
6,2,18,3.506589389373366e-07
6,2,19,-1.6971862603956645e-06
6,2,20,-3.085806429733431e-06
6,2,21,-3.7776132211478526e-06
6,2,22,-3.413374775777567e-06
6,2,23,-1.7450820710941336e-06
6,2,24,1.186256571996298e-07
7,0,0,7.929873508986062e-06
7,0,1,4.121544468514352e-06
7,0,2,-1.6309397567250167e-06
7,0,3,-5.066775413992261e-06
7,0,4,-3.915112451200186e-06
7,0,5,5.229288113402304e-07
7,0,6,4.819756649309867e-06
7,0,7,6.5279747168045434e-06
7,0,8,6.0575691343248866e-06
7,0,9,5.97228472347516e-06
7,0,10,8.404951347717288e-06
7,0,11,1.3029549348608392e-05
7,0,12,1.7170807660774252e-05
7,0,13,1.802739743230711e-05
7,0,14,1.497181969652801e-05
7,0,15,1.015780159507396e-05
7,0,16,6.844521078292593e-06
7,0,17,6.922517162291587e-06
7,0,18,9.491603992055786e-06
7,0,19,1.1679939226600365e-05
7,0,20,1.0859529882438924e-05
7,0,21,6.640946329576093e-06
7,0,22,9.937009201901634e-07
7,0,23,-3.379310196911881e-06
7,0,24,-5.103668885220495e-06
7,1,0,1.4454401604617408e-05
7,1,1,1.2702879219545112e-05
7,1,2,8.049293075491383e-06
7,1,3,3.1970183521297694e-06
7,1,4,-1.5923723377358583e-07
7,1,5,-2.2176784444440665e-06
7,1,6,-3.956775312715586e-06
7,1,7,-5.2837106400768915e-06
7,1,8,-4.430508554459676e-06
7,1,9,5.949870317165436e-07
7,1,10,9.583954813045705e-06
7,1,11,1.8978203580389966e-05
7,1,12,2.3489893996937478e-05
7,1,13,1.967518066736207e-05
7,1,14,8.739883326774585e-06
7,1,15,-3.8045328095299416e-06
7,1,16,-1.16357836219692e-05
7,1,17,-1.1815942155947044e-05
7,1,18,-6.3500499018475385e-06
7,1,19,-1.1125665816764837e-07
7,1,20,3.111960587363102e-06
7,1,21,3.198311653614962e-06
7,1,22,3.085255275935944e-06
7,1,23,5.739655256582874e-06
7,1,24,1.1610317042344315e-05
7,2,0,2.1924500796750195e-05
7,2,1,1.9650822216098337e-05
7,2,2,1.5298192966516208e-05
7,2,3,1.16680117491057e-05
7,2,4,1.1008134770561153e-05
7,2,5,1.3534468800343105e-05
7,2,6,1.722895420451021e-05
7,2,7,1.935082865842921e-05
7,2,8,1.849742866676194e-05
7,2,9,1.5769771069582862e-05
7,2,10,1.387102550075986e-05
7,2,11,1.486513814920765e-05
7,2,12,1.828757985970124e-05
7,2,13,2.1465291821811967e-05
7,2,14,2.1656163475940573e-05
7,2,15,1.829210841578779e-05
7,2,16,1.3227212381675276e-05
7,2,17,9.02958868022395e-06
7,2,18,6.917323583669193e-06
7,2,19,6.270443648404532e-06
7,2,20,5.7530852193472554e-06
7,2,21,4.759701985661155e-06
7,2,22,3.5625068070367985e-06
7,2,23,2.399995209381378e-06
7,2,24,7.690081589311644e-07
8,0,0,7.31266856729304e-06
8,0,1,8.264840412640427e-06
8,0,2,6.767100522549457e-06
8,0,3,4.4234119490949345e-06
8,0,4,2.879606515470616e-06
8,0,5,2.608372453992682e-06
8,0,6,2.7876795190180388e-06
8,0,7,2.4714221949505196e-06
8,0,8,1.3856973261711252e-06
8,0,9,-5.068638491179237e-08
8,0,10,-1.5979383771815464e-06
8,0,11,-3.446761235383506e-06
8,0,12,-5.7939495445026e-06
8,0,13,-8.009375716233635e-06
8,0,14,-8.91459871678015e-06
8,0,15,-7.738760293061065e-06
8,0,16,-5.167743515510946e-06
8,0,17,-2.8650982557717444e-06
8,0,18,-2.201922176096825e-06
8,0,19,-3.0071747908273674e-06
8,0,20,-4.00257710278149e-06
8,0,21,-3.998862362566215e-06
8,0,22,-3.0248257185655746e-06
8,0,23,-1.8829634708258464e-06
8,0,24,-1.238027125767836e-06
8,1,0,-1.904701122117897e-06
8,1,1,-1.2547534611784435e-06
8,1,2,-5.564240919888582e-07
8,1,3,-1.4053692421162571e-06
8,1,4,-4.1148342165046804e-06
8,1,5,-7.658286745457525e-06
8,1,6,-1.1114742830708514e-05
8,1,7,-1.4477626461667959e-05
8,1,8,-1.8113367238374307e-05
8,1,9,-2.1410762884255686e-05
8,1,10,-2.2752088600800757e-05
8,1,11,-2.0892180639109467e-05
8,1,12,-1.6500508600387847e-05
8,1,13,-1.1762281967742842e-05
8,1,14,-8.622909937255603e-06
8,1,15,-7.189052955969093e-06
8,1,16,-6.245762144617916e-06
8,1,17,-4.849115502518459e-06
8,1,18,-3.5602214287161287e-06
8,1,19,-3.7062637245284568e-06
8,1,20,-5.920519922257697e-06
8,1,21,-9.288273715518766e-06
8,1,22,-1.219940259022679e-05
8,1,23,-1.3520149715545021e-05
8,1,24,-1.3272834091787545e-05
8,2,0,1.0834715956221756e-05
8,2,1,9.195031589707828e-06
8,2,2,5.781256636255518e-06
8,2,3,2.735005950681022e-06
8,2,4,1.5851445150210633e-06
8,2,5,2.0516081655055565e-06
8,2,6,2.627562428688163e-06
8,2,7,2.300012454437277e-06
8,2,8,1.4844546279357967e-06
8,2,9,1.3125786804314783e-06
8,2,10,2.085356604008195e-06
8,2,11,2.7680478936887958e-06
8,2,12,2.088321374881213e-06
8,2,13,5.937718103526615e-08
8,2,14,-1.918730078101792e-06
8,2,15,-2.4869894702959162e-06
8,2,16,-1.7906064652718632e-06
8,2,17,-1.3199492256044758e-06
8,2,18,-2.3690667501930775e-06
8,2,19,-4.694979067537621e-06
8,2,20,-6.8009584642158205e-06
8,2,21,-7.36309968545995e-06
8,2,22,-6.293129356987838e-06
8,2,23,-4.420369871171114e-06
8,2,24,-2.5219298925724604e-06
9,0,0,-4.127160780280429e-06
9,0,1,-4.325306209344322e-06
9,0,2,-3.0231735304657144e-06
9,0,3,-3.5841285887021167e-07
9,0,4,2.993175848169078e-06
9,0,5,6.351256255637946e-06
9,0,6,9.207668473080446e-06
9,0,7,1.1487527252221884e-05
9,0,8,1.311610268648494e-05
9,0,9,1.3986423645431898e-05
9,0,10,1.382822977262705e-05
9,0,11,1.2694053482827593e-05
9,0,12,1.0811234257863598e-05
9,0,13,8.575083611953385e-06
9,0,14,5.998253344182905e-06
9,0,15,2.945118329310224e-06
9,0,16,-7.4195887660267e-07
9,0,17,-4.665777011217951e-06
9,0,18,-8.177513640457966e-06
9,0,19,-1.0454836020737303e-05
9,0,20,-1.1102338050387247e-05
9,0,21,-9.979448226207094e-06
9,0,22,-7.446664787499825e-06
9,0,23,-4.073349252155597e-06
9,0,24,-9.051596087648566e-07
9,1,0,8.954586652827807e-06
9,1,1,7.380470306926894e-06
9,1,2,5.534007223713318e-06
9,1,3,4.440681434749534e-06
9,1,4,4.872494246074843e-06
9,1,5,7.060937164793716e-06
9,1,6,1.0586385336361977e-05
9,1,7,1.4379204581554299e-05
9,1,8,1.709747619327122e-05
9,1,9,1.7706075132169945e-05
9,1,10,1.6122753972154166e-05
9,1,11,1.3447304282017858e-05
9,1,12,1.1547110070012285e-05
9,1,13,1.2035902361454847e-05
9,1,14,1.5149230828869799e-05
9,1,15,1.9224515121981723e-05
9,1,16,2.1485526260238527e-05
9,1,17,1.9760824510523293e-05
9,1,18,1.4253967886849756e-05
9,1,19,7.883146580895729e-06
9,1,20,4.623706696070084e-06
9,1,21,6.689113897295502e-06
9,1,22,1.2717530088015346e-05
9,1,23,1.839609349317615e-05
9,1,24,1.936232321643938e-05
9,2,0,4.597679503902673e-06
9,2,1,2.7341461143771533e-06
9,2,2,2.4646169916925684e-06
9,2,3,3.1708205387537627e-06
9,2,4,3.944091863213544e-06
9,2,5,4.895215970648876e-06
9,2,6,7.0779243432886785e-06
9,2,7,1.108145459653183e-05
9,2,8,1.5660003060996575e-05
9,2,9,1.818683985945716e-05
9,2,10,1.6749794553496604e-05
9,2,11,1.217421759016577e-05
9,2,12,7.758338440101047e-06
9,2,13,6.9089307664361695e-06
9,2,14,1.0397816522852575e-05
9,2,15,1.568833127479376e-05
9,2,16,1.874394102478684e-05
9,2,17,1.694708796791118e-05
9,2,18,1.0777458534519499e-05
9,2,19,3.391093974241524e-06
9,2,20,-1.566839478683594e-06
9,2,21,-2.1550837439543934e-06
9,2,22,8.493437361863903e-07
9,2,23,4.769841760343376e-06
9,2,24,6.792423765807206e-06
10,0,0,6.370697614672743e-06
10,0,1,3.671411159441413e-06
10,0,2,1.911047758140381e-06
10,0,3,1.887327226469978e-06
10,0,4,2.504479599368454e-06
10,0,5,1.9863446437232325e-06
10,0,6,-2.888078185895458e-07
10,0,7,-3.3125696557118685e-06
10,0,8,-5.420150126886927e-06
10,0,9,-5.790116933772219e-06
10,0,10,-4.784571572954901e-06
10,0,11,-3.252111176409552e-06
10,0,12,-1.5777555980548162e-06
10,0,13,2.6992629902676746e-07
10,0,14,2.151617113897459e-06
10,0,15,3.3768407368608294e-06
10,0,16,3.2898562984892167e-06
10,0,17,1.9628462106623118e-06
10,0,18,2.836652171459453e-07
10,0,19,-9.273511888693262e-07
10,0,20,-1.580635967818252e-06
10,0,21,-2.17720629340997e-06
10,0,22,-2.8380558856030866e-06
10,0,23,-2.9381774294407462e-06
10,0,24,-1.7078253476765986e-06
10,1,0,8.503239350208852e-06
10,1,1,1.8506736799476467e-06
10,1,2,-2.3312730610956144e-06
10,1,3,-1.5994745137557311e-06
10,1,4,3.2289481649996432e-06
10,1,5,8.5245993792951e-06
10,1,6,1.0975479544706335e-05
10,1,7,9.823745641326465e-06
10,1,8,7.07833689009155e-06
10,1,9,5.077656244968529e-06
10,1,10,4.733975290547687e-06
10,1,11,5.085537198575767e-06
10,1,12,4.992642863543969e-06
10,1,13,4.161853274297576e-06
10,1,14,3.5017041749342028e-06
10,1,15,3.806269944436213e-06
10,1,16,5.1520518212884924e-06
10,1,17,6.525248415445884e-06
10,1,18,6.7747068087526665e-06
10,1,19,5.049343674480447e-06
10,1,20,1.7792541522351708e-06
10,1,21,-1.495643140974259e-06
10,1,22,-2.304255065385327e-06
10,1,23,9.653023115020122e-07
10,1,24,7.944517101498574e-06
10,2,0,9.629148111356663e-09
10,2,1,-2.447328406648947e-07
10,2,2,1.6822030625564499e-06
10,2,3,4.74463566000496e-06
10,2,4,6.623319594397314e-06
10,2,5,5.713761942037558e-06
10,2,6,2.6755284523786554e-06
10,2,7,-1.6737275495164356e-07
10,2,8,-6.08368427463127e-07
10,2,9,1.7416238083885801e-06
10,2,10,5.576457707652191e-06
10,2,11,9.070006625373013e-06
10,2,12,1.1272682044993071e-05
10,2,13,1.2222863915903326e-05
10,2,14,1.2388703365083086e-05
10,2,15,1.1892707147899374e-05
10,2,16,1.0602966516416019e-05
10,2,17,8.429980642283045e-06
10,2,18,5.711462739397215e-06
10,2,19,2.8773769801254673e-06
10,2,20,2.683435735857902e-07
10,2,21,-1.999259650579797e-06
10,2,22,-3.5927467787255976e-06
10,2,23,-3.971116225386838e-06
10,2,24,-2.6438240122992392e-06
11,0,0,-6.099798429148992e-06
11,0,1,-5.983421304365377e-06
11,0,2,-4.662322386491259e-06
11,0,3,-3.7837304826031316e-06
11,0,4,-4.537140625267521e-06
11,0,5,-6.503240826122325e-06
11,0,6,-8.011599248913663e-06
11,0,7,-7.362463766754995e-06
11,0,8,-4.15395049281717e-06
11,0,9,5.613540990427513e-07
11,0,10,4.921239524837426e-06
11,0,11,7.47132664620059e-06
11,0,12,7.745335576054982e-06
11,0,13,6.337687322081063e-06
11,0,14,4.20124458181198e-06
11,0,15,2.153607452132477e-06
11,0,16,4.288673672149915e-07
11,0,17,-1.1122722009745007e-06
11,0,18,-2.808842551548947e-06
11,0,19,-4.73135121639503e-06
11,0,20,-6.6429835977384224e-06
11,0,21,-7.940171171950863e-06
11,0,22,-8.15973993093319e-06
11,0,23,-7.264296545161626e-06
11,0,24,-5.979702926171241e-06
11,1,0,2.9240220173116322e-05
11,1,1,2.8548305697527606e-05
11,1,2,2.5364620174126622e-05
11,1,3,2.111653188510286e-05
11,1,4,1.7093506430737766e-05
11,1,5,1.3247887743139826e-05
11,1,6,8.500825187436492e-06
11,1,7,2.773151796132259e-06
11,1,8,-2.0060901377908343e-06
11,1,9,-3.077828342090596e-06
11,1,10,9.500821107086677e-08
11,1,11,4.5857851320156465e-06
11,1,12,5.9383234632091355e-06
11,1,13,2.2278060318971015e-06
11,1,14,-4.024450086887181e-06
11,1,15,-7.668069270615565e-06
11,1,16,-5.43011673377535e-06
11,1,17,1.4824084467252575e-06
11,1,18,8.416707840205471e-06
11,1,19,1.1265513771444762e-05
11,1,20,9.176379672085934e-06
11,1,21,4.441121266393866e-06
11,1,22,-1.573955410811036e-07
11,1,23,-3.1109186702172253e-06
11,1,24,-4.207513546985775e-06
11,2,0,5.24850108978757e-09
11,2,1,8.504984306769675e-07
11,2,2,2.4234952795327864e-06
11,2,3,3.1352654799486016e-06
11,2,4,2.1695396167576624e-06
11,2,5,3.66412842598318e-07
11,2,6,-3.5763030687977776e-07
11,2,7,1.3830660670102171e-06
11,2,8,5.2475214815562055e-06
11,2,9,9.293835457601925e-06
11,2,10,1.1350228474804808e-05
11,2,11,1.050543666871915e-05
11,2,12,7.6317353205362e-06
11,2,13,4.524389145560772e-06
11,2,14,2.4732526440145836e-06
11,2,15,1.3299742220536221e-06
11,2,16,-1.302039796730805e-07
11,2,17,-2.9460774824370062e-06
11,2,18,-6.8292532086074815e-06
11,2,19,-1.0155631176885307e-05
11,2,20,-1.1082260772647494e-05
11,2,21,-9.01594989747293e-06
11,2,22,-5.181033416089167e-06
11,2,23,-1.8932527664392663e-06
11,2,24,-9.058244494017595e-07
12,0,0,-7.988352563989944e-06
12,0,1,-8.150508923370522e-06
12,0,2,-8.095568894202914e-06
12,0,3,-7.895857679037117e-06
12,0,4,-6.895986110051885e-06
12,0,5,-4.437667733060832e-06
12,0,6,-1.0898452436377049e-06
12,0,7,1.6098160143658108e-06
12,0,8,2.3947452420866334e-06
12,0,9,1.6675401887559729e-06
12,0,10,9.390273729741459e-07
12,0,11,1.2711644747712475e-06
12,0,12,1.8313718374021807e-06
12,0,13,7.794917226157779e-07
12,0,14,-2.815482772465538e-06
12,0,15,-7.401019066727071e-06
12,0,16,-1.0047886612141676e-05
12,0,17,-8.758333700367564e-06
12,0,18,-4.505476748652409e-06
12,0,19,-3.2158825912929566e-07
12,0,20,1.0267797886833794e-06
12,0,21,-6.027476136982084e-07
12,0,22,-3.150371459574385e-06
12,0,23,-4.226058144231261e-06
12,0,24,-3.4204473704818237e-06
12,1,0,1.0354232080902635e-05
12,1,1,7.368609040647506e-06
12,1,2,5.832892289223406e-06
12,1,3,5.799838704683276e-06
12,1,4,5.873561254913899e-06
12,1,5,4.97401204619947e-06
12,1,6,3.094200702157999e-06
12,1,7,1.218677625699287e-06
12,1,8,1.8528739068255942e-07
12,1,9,3.5224111868148466e-07
12,1,10,1.450605599317643e-06
12,1,11,3.1556228820606744e-06
12,1,12,4.9419814613151385e-06
12,1,13,6.417847275906759e-06
12,1,14,7.209058201727392e-06
12,1,15,7.447863137736738e-06
12,1,16,7.436843699765855e-06
12,1,17,7.544008370678995e-06
12,1,18,7.564212977678893e-06
12,1,19,7.2841409922542555e-06
12,1,20,6.706178928538096e-06
12,1,21,6.61514214551288e-06
12,1,22,7.72160140196385e-06
12,1,23,1.0219375842493038e-05
12,1,24,1.3045668505347048e-05
12,2,0,-1.2662417618649713e-05
12,2,1,-1.2774605610774538e-05
12,2,2,-1.0998985981320751e-05
12,2,3,-8.400211788856784e-06
12,2,4,-5.458632303483892e-06
12,2,5,-1.739661664489737e-06
12,2,6,3.087337655036153e-06
12,2,7,7.948514512671372e-06
12,2,8,1.0624335276651533e-05
12,2,9,9.569266837191085e-06
12,2,10,5.698775288118425e-06
12,2,11,1.9533967424690234e-06
12,2,12,8.13297641184425e-07
12,2,13,1.965850999302804e-06
12,2,14,2.717590763973027e-06
12,2,15,8.106310936285623e-07
12,2,16,-2.895425720852158e-06
12,2,17,-4.893798977882399e-06
12,2,18,-2.298947618024574e-06
12,2,19,4.041240814523634e-06
12,2,20,9.954669952182767e-06
12,2,21,1.1496673858674969e-05
12,2,22,8.498899241427319e-06
12,2,23,4.4551493128830455e-06
12,2,24,3.082310695845606e-06
13,0,0,9.920609738891715e-06
13,0,1,9.140640895348277e-06
13,0,2,8.403798836014028e-06
13,0,3,8.488606671632924e-06
13,0,4,9.004285082052051e-06
13,0,5,9.132231343412492e-06
13,0,6,8.528924208565415e-06
13,0,7,7.434678374747608e-06
13,0,8,6.193457467337435e-06
13,0,9,4.8586739281786435e-06
13,0,10,3.473661178679744e-06
13,0,11,2.4940604279096855e-06
13,0,12,2.7655513306952274e-06
13,0,13,4.832617268382455e-06
13,0,14,8.337754967765955e-06
13,0,15,1.2071598937637713e-05
13,0,16,1.47936038432621e-05
13,0,17,1.590179186726796e-05
13,0,18,1.5505585410249757e-05
13,0,19,1.3911228077560333e-05
13,0,20,1.133286949487022e-05
13,0,21,8.0413477296583e-06
13,0,22,4.7535716274819755e-06
13,0,23,2.4701452643702027e-06
13,0,24,1.7854851005298655e-06
13,1,0,6.496215888941151e-06
13,1,1,2.2206512188705792e-06
13,1,2,4.0757545928292186e-07
13,1,3,3.388906457552223e-06
13,1,4,9.591224950002131e-06
13,1,5,1.5123475393723326e-05
13,1,6,1.688492072993771e-05
13,1,7,1.440680374438768e-05
13,1,8,9.52379792219099e-06
13,1,9,4.6928326600094526e-06
13,1,10,1.773257671678087e-06
13,1,11,1.567353525096696e-06
13,1,12,3.90947904093346e-06
13,1,13,7.52798307379496e-06
13,1,14,1.0324081239695938e-05
13,1,15,1.02792875335725e-05
13,1,16,6.945942835775282e-06
13,1,17,1.952978920596803e-06
13,1,18,-2.013620754033729e-06
13,1,19,-3.3867553206515352e-06
13,1,20,-2.7712305794956057e-06
13,1,21,-2.107334907601921e-06
13,1,22,-2.5029079925003716e-06
13,1,23,-3.251334467922664e-06
13,1,24,-2.7795580950080686e-06
13,2,0,7.0784496674362505e-06
13,2,1,6.436831704796577e-06
13,2,2,4.374172632802987e-06
13,2,3,2.091216478459037e-06
13,2,4,3.3195302006671973e-07
13,2,5,-6.67249115333297e-07
13,2,6,-9.462161101535499e-07
13,2,7,-6.955006132512443e-07
13,2,8,-3.9547831554911375e-07
13,2,9,-6.859976667686948e-07
13,2,10,-1.838448615782128e-06
13,2,11,-3.2464144653106394e-06
13,2,12,-3.6289937811101783e-06
13,2,13,-2.022714427894382e-06
13,2,14,1.1795987296195975e-06
13,2,15,4.247469468819453e-06
13,2,16,5.324090386447911e-06
13,2,17,3.878465998736634e-06
13,2,18,1.074757999603057e-06
13,2,19,-1.2388353937213458e-06
13,2,20,-2.03657203507391e-06
13,2,21,-1.7632459538517844e-06
13,2,22,-1.6943890184492095e-06
13,2,23,-2.6799940714309034e-06
13,2,24,-4.525863982191144e-06
14,0,0,-3.960205926781794e-06
14,0,1,-3.6247860947591967e-06
14,0,2,-4.430493638746345e-06
14,0,3,-6.456335637067788e-06
14,0,4,-8.338798340103376e-06
14,0,5,-8.612492948584152e-06
14,0,6,-7.01450855097001e-06
14,0,7,-4.337425044527091e-06
14,0,8,-1.4755925114296655e-06
14,0,9,1.4304079044775815e-06
14,0,10,4.570338637568445e-06
14,0,11,7.772756477924159e-06
14,0,12,1.0175611684387349e-05
14,0,13,1.100733223242435e-05
14,0,14,1.0249577615403793e-05
14,0,15,8.744564677973308e-06
14,0,16,7.206803382429157e-06
14,0,17,5.553412930555274e-06
14,0,18,2.8806356996904784e-06
14,0,19,-1.380838350654499e-06
14,0,20,-6.696115551411963e-06
14,0,21,-1.1334566248211132e-05
14,0,22,-1.359517939158051e-05
14,0,23,-1.2838213488377084e-05
14,0,24,-1.0114982583876437e-05
14,1,0,1.5299080633358365e-05
14,1,1,8.759227915571672e-06
14,1,2,-2.4044731975617545e-06
14,1,3,-1.3404801047385497e-05
14,1,4,-1.9957730843987026e-05
14,1,5,-2.0889984755068786e-05
14,1,6,-1.7800252218548238e-05
14,1,7,-1.2961261574998668e-05
14,1,8,-7.79245977143697e-06
14,1,9,-2.865988105401219e-06
14,1,10,1.4576837419396634e-06
14,1,11,4.936151963987788e-06
14,1,12,7.600116918656853e-06
14,1,13,9.505308986022083e-06
14,1,14,9.9987477040663e-06
14,1,15,7.700506945334477e-06
14,1,16,1.7995880893835882e-06
14,1,17,-6.307955576039187e-06
14,1,18,-1.3178198620072729e-05
14,1,19,-1.5611066424545887e-05
14,1,20,-1.3264958595148599e-05
14,1,21,-8.892380124682635e-06
14,1,22,-5.9444269003447415e-06
14,1,23,-5.683544162019813e-06
14,1,24,-6.769030106537491e-06
14,2,0,4.882760986219323e-06
14,2,1,2.7961008943851233e-06
14,2,2,-4.517516639693887e-07
14,2,3,-3.848196559419058e-06
14,2,4,-6.1149011345938e-06
14,2,5,-6.696485897660044e-06
14,2,6,-6.152628430577045e-06
14,2,7,-5.4038308813108996e-06
14,2,8,-5.076304735821555e-06
14,2,9,-5.141444566322595e-06
14,2,10,-5.369373764526079e-06
14,2,11,-5.481756388519985e-06
14,2,12,-5.359267823047269e-06
14,2,13,-4.87436343961378e-06
14,2,14,-4.179874730182807e-06
14,2,15,-3.6501242537302777e-06
14,2,16,-3.861860808022108e-06
14,2,17,-4.964837791107039e-06
14,2,18,-6.588459025756775e-06
14,2,19,-7.9014659872497e-06
14,2,20,-8.361251945635331e-06
14,2,21,-7.868703077220588e-06
14,2,22,-6.7853369829853905e-06
14,2,23,-5.363459502291261e-06
14,2,24,-3.946317942478774e-06
15,0,0,-3.210056140772903e-06
15,0,1,-4.493646041395455e-06
15,0,2,-4.6753048778557e-06
15,0,3,-3.6958623791661087e-06
15,0,4,-2.4768738881731235e-06
15,0,5,-2.1822550804736845e-06
15,0,6,-3.2040964038023182e-06
15,0,7,-4.869135300192203e-06
15,0,8,-5.987669008483833e-06
15,0,9,-5.734086238541993e-06
15,0,10,-4.0895859156114735e-06
15,0,11,-1.7065340470797795e-06
15,0,12,6.294260950312646e-07
15,0,13,2.3659928399542206e-06
15,0,14,3.314004474574766e-06
15,0,15,3.5200581420873566e-06
15,0,16,3.1683241576591374e-06
15,0,17,2.454831919949325e-06
15,0,18,1.5134360408375285e-06
15,0,19,3.426738709225616e-07
15,0,20,-1.0795763207059082e-06
15,0,21,-2.6802509127385113e-06
15,0,22,-4.205714930236747e-06
15,0,23,-5.4058204919501455e-06
15,0,24,-6.2470296164531935e-06
15,1,0,-3.903301025231197e-06
15,1,1,-5.0894683985332895e-06
15,1,2,-6.4196000541221344e-06
15,1,3,-5.601763488611406e-06
15,1,4,-2.3589428007189038e-06
15,1,5,1.7342494433377783e-06
15,1,6,4.637067173438215e-06
15,1,7,5.662203778019416e-06
15,1,8,5.560294531369313e-06
15,1,9,5.663915083275773e-06
15,1,10,6.406332345214967e-06
15,1,11,7.2676784103110925e-06
15,1,12,7.398372073307588e-06
15,1,13,6.850243619041421e-06
15,1,14,6.495817894053724e-06
15,1,15,7.425285113327727e-06
15,1,16,9.62536156084927e-06
15,1,17,1.1906596951191824e-05
15,1,18,1.2406753561001321e-05
15,1,19,1.0129157604711614e-05
15,1,20,5.5451052420276055e-06
15,1,21,6.3484791135247e-07
15,1,22,-2.6520884088784586e-06
15,1,23,-3.493718447535759e-06
15,1,24,-3.0538460578411223e-06
15,2,0,-2.086258822765798e-06
15,2,1,-3.03916208376325e-06
15,2,2,-1.5536279765498333e-06
15,2,3,2.120608801073153e-06
15,2,4,6.563872109420553e-06
15,2,5,9.96558970953285e-06
15,2,6,1.1211027034443272e-05
15,2,7,1.0407295640573583e-05
15,2,8,8.837159243546935e-06
15,2,9,8.169094629777141e-06
15,2,10,9.49689725129898e-06
15,2,11,1.2507915566793313e-05
15,2,12,1.5621984726704426e-05
15,2,13,1.687571518822707e-05
15,2,14,1.5234196552771275e-05
15,2,15,1.1191806864523242e-05
15,2,16,6.497158125466228e-06
15,2,17,2.926968452771189e-06
15,2,18,1.296855699590818e-06
15,2,19,1.1037880704720587e-06
15,2,20,1.2280871670745726e-06
15,2,21,7.419880259082962e-07
15,2,22,-4.949094619483699e-07
15,2,23,-2.074027755935158e-06
15,2,24,-3.4929475598150493e-06
16,0,0,-3.832788991345673e-06
16,0,1,-4.397546646986851e-06
16,0,2,-2.2559103280953734e-06
16,0,3,1.0800370707286921e-06
16,0,4,2.754020029098559e-06
16,0,5,1.1894195445051533e-06
16,0,6,-2.483353310424045e-06
16,0,7,-5.17931847285395e-06
16,0,8,-4.699100897587476e-06
16,0,9,-1.555871154315712e-06
16,0,10,1.4430336920146725e-06
16,0,11,1.9601401000863324e-06
16,0,12,9.107749428241154e-08
16,0,13,-1.8251230630110657e-06
16,0,14,-1.834566892337119e-06
16,0,15,-2.0727116261326107e-07
16,0,16,7.517042489015896e-07
16,0,17,-7.412660235285351e-07
16,0,18,-4.226706432064345e-06
16,0,19,-7.228111024619802e-06
16,0,20,-7.821510487836009e-06
16,0,21,-6.347685215587692e-06
16,0,22,-5.263572244292269e-06
16,0,23,-6.624304031477182e-06
16,0,24,-1.0366835494869729e-05
16,1,0,2.4323453907086753e-05
16,1,1,1.9861292389948548e-05
16,1,2,1.8133636601397937e-05
16,1,3,2.1402891753191373e-05
16,1,4,2.697263302426983e-05
16,1,5,2.971980474006093e-05
16,1,6,2.6747104528316917e-05
16,1,7,2.033996455179474e-05
16,1,8,1.5551476330797763e-05
16,1,9,1.5593767107464625e-05
16,1,10,1.8671018466107818e-05
16,1,11,2.0111314669978833e-05
16,1,12,1.6750219469427604e-05
16,1,13,1.0142529359814215e-05
16,1,14,4.718195193438904e-06
16,1,15,3.956054265305276e-06
16,1,16,7.277150252074378e-06
16,1,17,1.142380077650846e-05
16,1,18,1.34540520052098e-05
16,1,19,1.3271556433611456e-05
16,1,20,1.2338829585277727e-05
16,1,21,1.1529684151266649e-05
16,1,22,9.589576217982189e-06
16,1,23,5.102152575631104e-06
16,1,24,-1.5363661306508423e-06
16,2,0,3.10461587184002e-06
16,2,1,2.5415616998006465e-06
16,2,2,3.094441172560731e-06
16,2,3,4.534903632065707e-06
16,2,4,5.434557978369227e-06
16,2,5,4.7481754134370065e-06
16,2,6,2.672640260960668e-06
16,2,7,5.63384227671565e-07
16,2,8,-6.044286327805444e-07
16,2,9,-9.827773429622755e-07
16,2,10,-1.6897354977887753e-06
16,2,11,-3.266112301855158e-06
16,2,12,-5.028660673260288e-06
16,2,13,-5.419924935995413e-06
16,2,14,-3.842927310836349e-06
16,2,15,-1.390375039390987e-06
16,2,16,-4.1910203150707055e-07
16,2,17,-2.3890734511429208e-06
16,2,18,-6.724797376754467e-06
16,2,19,-1.0923242533832675e-05
16,2,20,-1.2778480785857597e-05
16,2,21,-1.184480515263684e-05
16,2,22,-9.860850842924426e-06
16,2,23,-8.872718304128843e-06
16,2,24,-9.821958666109793e-06
17,0,0,5.663155837087419e-06
17,0,1,2.670471661761446e-06
17,0,2,-6.537637302347e-08
17,0,3,-1.313976846657348e-06
17,0,4,-5.780040823720071e-07
17,0,5,1.8058046676617807e-06
17,0,6,5.020967075564407e-06
17,0,7,7.983047663214394e-06
17,0,8,9.69362532379851e-06
17,0,9,9.609905243859144e-06
17,0,10,8.199114503744831e-06
17,0,11,6.759243943400589e-06
17,0,12,6.56364582713538e-06
17,0,13,7.62307984122939e-06
17,0,14,8.523565465702718e-06
17,0,15,7.454762928445083e-06
17,0,16,3.966178396678393e-06
17,0,17,-4.5978118353837526e-07
17,0,18,-3.327781500522516e-06
17,0,19,-3.137560680812197e-06
17,0,20,-4.45276152545743e-07
17,0,21,2.603954128665631e-06
17,0,22,4.063103248490627e-06
17,0,23,3.401936970237634e-06
17,0,24,1.656683732238076e-06
17,1,0,-8.008354899365154e-06
17,1,1,-1.0083257225418569e-05
17,1,2,-1.2686889574853918e-05
17,1,3,-1.29858324842279e-05
17,1,4,-9.652778097143813e-06
17,1,5,-4.674719527056917e-06
17,1,6,-1.7810967885284202e-06
17,1,7,-3.1289106584736796e-06
17,1,8,-7.047231443231647e-06
17,1,9,-9.48002357774449e-06
17,1,10,-7.392338121568233e-06
17,1,11,-1.4894074633070445e-06
17,1,12,4.537092603946552e-06
17,1,13,6.9161739823490214e-06
17,1,14,4.650914048580102e-06
17,1,15,-4.151157161697991e-07
17,1,16,-5.285008670934604e-06
17,1,17,-8.062539684121155e-06
17,1,18,-8.511378964113129e-06
17,1,19,-7.691409815393905e-06
17,1,20,-6.822836541491917e-06
17,1,21,-6.859868983512653e-06
17,1,22,-8.015497707061434e-06
17,1,23,-9.897410347693193e-06
17,1,24,-1.1500963035752443e-05
17,2,0,2.44099941482394e-06
17,2,1,2.4742027021942126e-06
17,2,2,2.566133154726708e-06
17,2,3,2.7631757304987973e-06
17,2,4,3.709081339156535e-06
17,2,5,5.831261383299884e-06
17,2,6,8.6845387543576e-06
17,2,7,1.0996586370463836e-05
17,2,8,1.1503740996410934e-05
17,2,9,9.884233588257558e-06
17,2,10,7.140308404802282e-06
17,2,11,5.02876108147686e-06
17,2,12,4.841977787992585e-06
17,2,13,6.3541775526635715e-06
17,2,14,7.850227237775581e-06
17,2,15,7.370260683050537e-06
17,2,16,4.301238432591608e-06
17,2,17,-2.8341080305235894e-08
17,2,18,-3.3456261506350875e-06
17,2,19,-4.286420580891639e-06
17,2,20,-3.47977589354982e-06
17,2,21,-2.8158078258767953e-06
17,2,22,-3.5703706621433885e-06
17,2,23,-5.142264202960046e-06
17,2,24,-5.6895126301396645e-06
18,0,0,-2.7059868846980757e-07
18,0,1,-1.5611400391005354e-06
18,0,2,-3.902466109082528e-06
18,0,3,-6.523308645117038e-06
18,0,4,-7.941138874327969e-06
18,0,5,-7.379757263070079e-06
18,0,6,-5.544548631261826e-06
18,0,7,-3.995007196366893e-06
18,0,8,-3.6337202432467817e-06
18,0,9,-3.973061816481862e-06
18,0,10,-3.784341299253944e-06
18,0,11,-2.452794469888053e-06
18,0,12,-4.4906970047810124e-07
18,0,13,1.3787854391830663e-06
18,0,14,2.857417209102935e-06
18,0,15,4.4647652186092384e-06
18,0,16,6.340826170242594e-06
18,0,17,7.548309189288826e-06
18,0,18,6.74572157597313e-06
18,0,19,3.6916805224650423e-06
18,0,20,-4.98488823875269e-08
18,0,21,-2.306179738101899e-06
18,0,22,-2.323072874843297e-06
18,0,23,-1.601933241769142e-06
18,0,24,-2.417835857717202e-06
18,1,0,6.892294289103436e-06
18,1,1,1.026471524544567e-05
18,1,2,1.128476231759991e-05
18,1,3,9.41402554803007e-06
18,1,4,5.256238442705771e-06
18,1,5,1.2930098784496963e-07
18,1,6,-4.608932863914338e-06
18,1,7,-7.698418017872317e-06
18,1,8,-8.560990081844702e-06
18,1,9,-7.586454125245348e-06
18,1,10,-6.229789962225256e-06
18,1,11,-5.884586149853074e-06
18,1,12,-6.8836795551598736e-06
18,1,13,-8.002668738404939e-06
18,1,14,-7.789523922495899e-06
18,1,15,-5.7676073033658e-06
18,1,16,-3.0291845629382434e-06
18,1,17,-7.319998639951205e-07
18,1,18,9.90061304238374e-07
18,1,19,3.2380514795042788e-06
18,1,20,6.471454349619586e-06
18,1,21,9.5626566296001e-06
18,1,22,1.0194617941150334e-05
18,1,23,7.3779142629789435e-06
18,1,24,2.5791347454801717e-06
18,2,0,7.044828194395871e-06
18,2,1,7.90363567784258e-06
18,2,2,7.338493124037877e-06
18,2,3,5.362562012906178e-06
18,2,4,2.657273438250529e-06
18,2,5,-8.868578181866526e-09
18,2,6,-2.3097718784295484e-06
18,2,7,-4.119022621567697e-06
18,2,8,-5.315281384433155e-06
18,2,9,-5.673489879840833e-06
18,2,10,-5.293456421648433e-06
18,2,11,-4.598411829047453e-06
18,2,12,-4.134001635731221e-06
18,2,13,-3.912431624577292e-06
18,2,14,-3.4961759022565685e-06
18,2,15,-2.4238274270028232e-06
18,2,16,-1.026915303395963e-06
18,2,17,-1.5708593771132288e-07
18,2,18,-5.01750681197048e-07
18,2,19,-1.6223077423818628e-06
18,2,20,-2.442516815806989e-06
18,2,21,-2.2943599447815293e-06
18,2,22,-2.00666730313718e-06
18,2,23,-3.118977520990781e-06
18,2,24,-6.350714196787612e-06
19,0,0,1.0047313994268907e-05
19,0,1,8.424902023792668e-06
19,0,2,5.001881510862245e-06
19,0,3,1.1036021697522462e-06
19,0,4,-1.2355154651619933e-06
19,0,5,-6.730184495852283e-07
19,0,6,2.320957753933336e-06
19,0,7,5.753718227669122e-06
19,0,8,7.613226011685668e-06
19,0,9,7.375445530523664e-06
19,0,10,6.122035211140813e-06
19,0,11,5.366423363669564e-06
19,0,12,5.6712030463286186e-06
19,0,13,6.395940094799772e-06
19,0,14,6.524844599792279e-06
19,0,15,5.723291991462624e-06
19,0,16,4.455832889111084e-06
19,0,17,3.3602217218266304e-06
19,0,18,2.5429508620288346e-06
19,0,19,1.6263782769297734e-06
19,0,20,2.520785793695317e-07
19,0,21,-1.4384341953403286e-06
19,0,22,-2.911686940665348e-06
19,0,23,-3.578705635512517e-06
19,0,24,-3.1107571439557835e-06
19,1,0,2.259456848168102e-05
19,1,1,2.0012735629178365e-05
19,1,2,1.289484954328983e-05
19,1,3,3.023957514910325e-06
19,1,4,-6.129958729100729e-06
19,1,5,-1.1140446606555156e-05
19,1,6,-1.0812397683503442e-05
19,1,7,-6.631868117125601e-06
19,1,8,-1.4740852058379566e-06
19,1,9,2.673294005762044e-06
19,1,10,5.535574465006767e-06
19,1,11,7.909494279000821e-06
19,1,12,1.0010220434203301e-05
19,1,13,1.0978453956223336e-05
19,1,14,9.461370932526824e-06
19,1,15,5.197430150614941e-06
19,1,16,-5.845118808580469e-07
19,1,17,-5.732522999025291e-06
19,1,18,-8.922345428967406e-06
19,1,19,-1.0449223346950087e-05
19,1,20,-1.1988176444369201e-05
19,1,21,-1.478498328855236e-05
19,1,22,-1.8494825329088793e-05
19,1,23,-2.0948153126677913e-05
19,1,24,-1.996742387486508e-05
19,2,0,1.6539190502024297e-05
19,2,1,1.548060704738806e-05
19,2,2,9.14313945923022e-06
19,2,3,2.1595199408526007e-07
19,2,4,-6.0355397171281595e-06
19,2,5,-5.745091124597431e-06
19,2,6,3.3179701898567353e-07
19,2,7,7.258160002418382e-06
19,2,8,9.946127250220658e-06
19,2,9,7.144342195763694e-06
19,2,10,2.0883593917603137e-06
19,2,11,-6.954683261888503e-07
19,2,12,7.556257627403941e-07
19,2,13,4.5975110654813945e-06
19,2,14,7.384343299222636e-06
19,2,15,7.170759743062923e-06
19,2,16,4.81161048704364e-06
19,2,17,2.5455520169146654e-06
19,2,18,1.795759298531011e-06
19,2,19,2.0719804833309606e-06
19,2,20,1.846385048567001e-06
19,2,21,-1.655516139975567e-08
19,2,22,-3.3787215719321224e-06
19,2,23,-7.1240037111417e-06
19,2,24,-9.779161482785439e-06
20,0,0,6.075976215969415e-06
20,0,1,8.994682273049759e-06
20,0,2,1.1649159015050662e-05
20,0,3,1.216432883602498e-05
20,0,4,9.732605539701587e-06
20,0,5,5.763916573811009e-06
20,0,6,2.943642946983023e-06
20,0,7,3.2032531203022685e-06
20,0,8,5.9705865149427045e-06
20,0,9,8.82082471845969e-06
20,0,10,9.504956102072536e-06
20,0,11,7.949781256910878e-06
20,0,12,5.828766093598917e-06
20,0,13,4.7359969154009125e-06
20,0,14,4.380231686596485e-06
20,0,15,3.1429059631531077e-06
20,0,16,-1.3873303921445957e-07
20,0,17,-4.497563053235419e-06
20,0,18,-7.586267133131877e-06
20,0,19,-7.5815574056980355e-06
20,0,20,-5.000286984727337e-06
20,0,21,-2.081910164733941e-06
20,0,22,-1.0512888522719698e-06
20,0,23,-2.2454651450877467e-06
20,0,24,-4.423490893236225e-06
20,1,0,-8.896063214481817e-06
20,1,1,-2.3095623308471374e-06
20,1,2,3.9119597787189815e-06
20,1,3,7.920726174937204e-06
20,1,4,1.0413695572986385e-05
20,1,5,1.377407481929771e-05
20,1,6,1.909190351652955e-05
20,1,7,2.5051006023600782e-05
20,1,8,2.8615043692142416e-05
20,1,9,2.820981359235664e-05
20,1,10,2.4996919464274035e-05
20,1,11,2.2186719037115108e-05
20,1,12,2.14811912446274e-05
20,1,13,2.146467482059709e-05
20,1,14,1.825446988648876e-05
20,1,15,9.631947757779771e-06
20,1,16,-2.739504857239851e-06
20,1,17,-1.364722286197875e-05
20,1,18,-1.8813748018369045e-05
20,1,19,-1.788631079129965e-05
20,1,20,-1.4998657794183605e-05
20,1,21,-1.4628369753764861e-05
20,1,22,-1.839714559666284e-05
20,1,23,-2.366230363594075e-05
20,1,24,-2.6868077511796014e-05
20,2,0,-3.1645653978996404e-06
20,2,1,2.887767138702817e-07
20,2,2,3.409622200582134e-06
20,2,3,3.913713284530129e-06
20,2,4,1.5678222786729746e-06
20,2,5,-1.224758507365953e-06
20,2,6,-1.4267966647609103e-06
20,2,7,2.089302537780106e-06
20,2,8,7.421744632299908e-06
20,2,9,1.1383103434582848e-05
20,2,10,1.2102895014589948e-05
20,2,11,1.0392434496925165e-05
20,2,12,8.258893772393743e-06
20,2,13,6.6746878559188955e-06
20,2,14,4.575685011303014e-06
20,2,15,5.583659086808138e-07
20,2,16,-5.062565181056076e-06
20,2,17,-9.711759193230555e-06
20,2,18,-1.0764510240156354e-05
20,2,19,-7.850875525608665e-06
20,2,20,-3.4367535193339507e-06
20,2,21,-5.063387182379788e-07
20,2,22,-2.2616791621252113e-07
20,2,23,-1.2453015373494237e-06
20,2,24,-1.758566967339321e-06
21,0,0,2.36965501137495e-06
21,0,1,2.665581672475027e-06
21,0,2,2.7452881522356624e-06
21,0,3,2.738473854030558e-06
21,0,4,2.432657711193918e-06
21,0,5,1.4447249883872918e-06
21,0,6,-4.787069045443184e-07
21,0,7,-2.8343802536605703e-06
21,0,8,-4.529776264658588e-06
21,0,9,-4.487533509312696e-06
21,0,10,-2.7048900340713932e-06
21,0,11,-3.5893322627158513e-07
21,0,12,8.653303795450235e-07
21,0,13,2.1438604882178058e-07
21,0,14,-1.6269967333361947e-06
21,0,15,-2.9969244215877634e-06
21,0,16,-2.8028671712692586e-06
21,0,17,-1.2878084099606464e-06
21,0,18,1.4879406302301676e-07
21,0,19,4.013374624041834e-07
21,0,20,-5.560014043199106e-07
21,0,21,-1.6830463460564996e-06
21,0,22,-2.138905470059241e-06
21,0,23,-1.8808483499158855e-06
21,0,24,-1.6798145475350622e-06
21,1,0,-5.324789605985053e-06
21,1,1,-3.035035160542989e-06
21,1,2,-1.2804149455208227e-06
21,1,3,-1.9926181563706044e-06
21,1,4,-4.794791746969956e-06
21,1,5,-7.726173613796733e-06
21,1,6,-8.9228649323488e-06
21,1,7,-8.016991461181884e-06
21,1,8,-5.910868364338663e-06
21,1,9,-4.032055645494619e-06
21,1,10,-3.4833971377083597e-06
21,1,11,-4.858898391474386e-06
21,1,12,-7.759877305159378e-06
21,1,13,-1.0520337830135043e-05
21,1,14,-1.0528973664356e-05
21,1,15,-6.193613172832699e-06
21,1,16,1.2208206680970084e-06
21,1,17,7.3840064223800795e-06
21,1,18,7.909084642581039e-06
21,1,19,1.963067581676022e-06
21,1,20,-6.442942054092019e-06
21,1,21,-1.1675837769232133e-05
21,1,22,-1.109009770671051e-05
21,1,23,-7.204923274953636e-06
21,1,24,-4.890018390249734e-06
21,2,0,-1.7135657145218468e-06
21,2,1,-3.194320063208342e-06
21,2,2,-2.7358734267404994e-06
21,2,3,-7.65920515322106e-07
21,2,4,1.38682873759699e-06
21,2,5,2.3889241121106643e-06
21,2,6,1.7251150241138786e-06
21,2,7,2.136805964036674e-08
21,2,8,-1.3713198518123173e-06
21,2,9,-1.2615284692118459e-06
21,2,10,5.412562667224325e-07
21,2,11,3.1298608985522516e-06
21,2,12,5.243879500918156e-06
21,2,13,6.303344074034601e-06
21,2,14,6.813390893176433e-06
21,2,15,7.677513463739505e-06
21,2,16,9.034952516257053e-06
21,2,17,9.868821654609539e-06
21,2,18,8.875254702990943e-06
21,2,19,5.897228126396098e-06
21,2,20,2.384873586446491e-06
21,2,21,2.6171028756640343e-07
21,2,22,1.2041727083934942e-07
21,2,23,6.259311342139477e-07
21,2,24,-2.5080605983858406e-07
22,0,0,1.1764712137622192e-05
22,0,1,9.209698465285053e-06
22,0,2,6.596395640440591e-06
22,0,3,4.777454594908536e-06
22,0,4,3.5084333444339528e-06
22,0,5,2.024821363351905e-06
22,0,6,-2.784985936731763e-08
22,0,7,-2.160268955225407e-06
22,0,8,-3.517848433727002e-06
22,0,9,-3.717431228238995e-06
22,0,10,-3.2397027581094237e-06
22,0,11,-2.942276522122718e-06
22,0,12,-3.231876374185105e-06
22,0,13,-3.7464040918904027e-06
22,0,14,-3.861263451893082e-06
22,0,15,-3.4073928471359282e-06
22,0,16,-2.8066841386905364e-06
22,0,17,-2.4990519168063347e-06
22,0,18,-2.3000102716499602e-06
22,0,19,-1.4858012258113076e-06
22,0,20,3.689897367126175e-07
22,0,21,2.721302230007327e-06
22,0,22,4.404955754735778e-06
22,0,23,4.722103837927487e-06
22,0,24,4.126248011384129e-06
22,1,0,-9.553704291218209e-06
22,1,1,-1.3341933862279112e-05
22,1,2,-1.6179967738110088e-05
22,1,3,-1.6279543585118552e-05
22,1,4,-1.4776154641451753e-05
22,1,5,-1.4320605473247994e-05
22,1,6,-1.6761251276526615e-05
22,1,7,-2.0933838407454462e-05
22,1,8,-2.38680095126742e-05
22,1,9,-2.3053007660292198e-05
22,1,10,-1.9041404004360046e-05
22,1,11,-1.472442549242713e-05
22,1,12,-1.3413050528251385e-05
22,1,13,-1.5958685491084088e-05
22,1,14,-2.0869892925413588e-05
22,1,15,-2.530107486976049e-05
22,1,16,-2.7465552966528424e-05
22,1,17,-2.673461607448184e-05
22,1,18,-2.3649774436742426e-05
22,1,19,-1.8589722735281623e-05
22,1,20,-1.2515705207131133e-05
22,1,21,-6.9331145947145595e-06
22,1,22,-4.4956924045049375e-06
22,1,23,-6.957644030984773e-06
22,1,24,-1.4201077494972606e-05
22,2,0,9.30976471184402e-06
22,2,1,5.52088903573735e-06
22,2,2,4.091030920815183e-06
22,2,3,4.430077453964612e-06
22,2,4,4.548872743297334e-06
22,2,5,3.2041062263452437e-06
22,2,6,6.658806895846183e-07
22,2,7,-1.7749438748803004e-06
22,2,8,-3.2527223568582506e-06
22,2,9,-3.708885979691683e-06
22,2,10,-3.664697997048653e-06
22,2,11,-3.2645032238048043e-06
22,2,12,-2.2793456422230506e-06
22,2,13,-3.9597044313957635e-07
22,2,14,1.9923496735306404e-06
22,2,15,4.089358905730528e-06
22,2,16,5.1828869663190006e-06
22,2,17,5.522088113570035e-06
22,2,18,6.0053837827510565e-06
22,2,19,7.549587575060687e-06
22,2,20,9.866374022431655e-06
22,2,21,1.1656603047396658e-05
22,2,22,1.1409667228632302e-05
22,2,23,9.052165977037189e-06
22,2,24,6.029722952726824e-06
23,0,0,-9.046711191532553e-06
23,0,1,-1.048164210417892e-05
23,0,2,-1.0577561782431776e-05
23,0,3,-9.253314921448973e-06
23,0,4,-7.315692455322554e-06
23,0,5,-5.837850126815588e-06
23,0,6,-5.167219646554918e-06
23,0,7,-4.613868509835466e-06
23,0,8,-3.1328782382198154e-06
23,0,9,-4.647785386759383e-07
23,0,10,2.441153301329773e-06
23,0,11,4.054652223595823e-06
23,0,12,3.511924348949258e-06
23,0,13,1.2473780956834548e-06
23,0,14,-1.3752897052952414e-06
23,0,15,-3.077335759752776e-06
23,0,16,-3.3029282841336464e-06
23,0,17,-2.325054663827991e-06
23,0,18,-8.738610761768902e-07
23,0,19,8.202470220921232e-08
23,0,20,-4.6817159061040295e-07
23,0,21,-3.2998185398030056e-06
23,0,22,-8.329016542541108e-06
23,0,23,-1.4308979947998818e-05
23,0,24,-1.9135690230104177e-05
23,1,0,1.2322714794113705e-06
23,1,1,2.7663958874878786e-06
23,1,2,9.838901461262648e-06
23,1,3,1.838226189754548e-05
23,1,4,2.4236820533675256e-05
23,1,5,2.559204623985359e-05
23,1,6,2.3780469554930466e-05
23,1,7,2.1999534838360317e-05
23,1,8,2.294108596822002e-05
23,1,9,2.7056504444129825e-05
23,1,10,3.257610418015873e-05
23,1,11,3.692888768004458e-05
23,1,12,3.8359038288467194e-05
23,1,13,3.651390779691051e-05
23,1,14,3.2004632998326905e-05
23,1,15,2.5834533538066345e-05
23,1,16,1.930545142049642e-05
23,1,17,1.3950774362974229e-05
23,1,18,1.1066015741840237e-05
23,1,19,1.0705769250674458e-05
23,1,20,1.1218659514094283e-05
23,1,21,1.0070015709959202e-05
23,1,22,5.7337584566465895e-06
23,1,23,-9.085125519823754e-07
23,1,24,-6.84955458584509e-06
23,2,0,3.0004745432595648e-06
23,2,1,4.7219936071679896e-06
23,2,2,7.438736903965276e-06
23,2,3,9.927663052308007e-06
23,2,4,1.0893807646865882e-05
23,2,5,9.613727304450827e-06
23,2,6,6.644878984725161e-06
23,2,7,3.6135880320262235e-06
23,2,8,2.2615473763409606e-06
23,2,9,3.029239678317992e-06
23,2,10,4.72254730755068e-06
23,2,11,5.305185629295156e-06
23,2,12,3.631490889800576e-06
23,2,13,2.070280319384867e-07
23,2,14,-3.2522050362641735e-06
23,2,15,-5.3144784824984655e-06
23,2,16,-5.5400695516877915e-06
23,2,17,-4.45623561337103e-06
23,2,18,-2.747259936778488e-06
23,2,19,-1.1671643907200824e-06
23,2,20,-5.842758215046842e-07
23,2,21,-2.0688276289508134e-06
23,2,22,-5.901704295587044e-06
23,2,23,-1.0909904248135598e-05
23,2,24,-1.4595600295373799e-05
24,0,0,4.355384029494063e-08
24,0,1,1.4708022027640463e-06
24,0,2,5.544969909213965e-06
24,0,3,1.1321722727639192e-05
24,0,4,1.5803493678435586e-05
24,0,5,1.6315149211829885e-05
24,0,6,1.2799776058920113e-05
24,0,7,7.865599881251898e-06
24,0,8,4.730253274374689e-06
24,0,9,4.808465818115931e-06
24,0,10,7.08760427744283e-06
24,0,11,9.402561549042335e-06
24,0,12,1.0432487188996554e-05
24,0,13,1.0476973122108325e-05
24,0,14,1.071405220094587e-05
24,0,15,1.172648352815186e-05
24,0,16,1.2925808743399509e-05
24,0,17,1.3189556390077713e-05
24,0,18,1.2113419687435694e-05
24,0,19,1.044280886262184e-05
24,0,20,9.408194595511175e-06
24,0,21,9.526729405557428e-06
24,0,22,1.0203112621791474e-05
24,0,23,1.0355132116872921e-05
24,0,24,9.61934507140845e-06
24,1,0,-5.93945305564557e-06
24,1,1,-1.0283825548404089e-05
24,1,2,-1.3737208996708822e-05
24,1,3,-1.4817802223455936e-05
24,1,4,-1.447748530808814e-05
24,1,5,-1.5263166506039594e-05
24,1,6,-1.868663121618898e-05
24,1,7,-2.3253378804823435e-05
24,1,8,-2.540072638672927e-05
24,1,9,-2.266588014332026e-05
24,1,10,-1.6261296938341807e-05
24,1,11,-1.0504048415985678e-05
24,1,12,-9.383398859188314e-06
24,1,13,-1.3271130062488912e-05
24,1,14,-1.8687694961208026e-05
24,1,15,-2.1220777441777693e-05
24,1,16,-1.897542998530611e-05
24,1,17,-1.3555941606774053e-05
24,1,18,-8.209979691411995e-06
24,1,19,-5.074136136622333e-06
24,1,20,-4.137260173397289e-06
24,1,21,-4.181171305848975e-06
24,1,22,-4.47339232168093e-06
24,1,23,-5.331330691977674e-06
24,1,24,-7.330571061269506e-06
24,2,0,1.9295010421164485e-06
24,2,1,1.3608497486494907e-06
24,2,2,2.568871279516667e-06
24,2,3,4.709793645056614e-06
24,2,4,5.710304770725663e-06
24,2,5,4.111960940800024e-06
24,2,6,7.148209185394314e-07
24,2,7,-2.0355697718976213e-06
24,2,8,-1.9440918839354717e-06
24,2,9,9.028773227262189e-07
24,2,10,4.36363668222277e-06
24,2,11,5.915092057796634e-06
24,2,12,4.977118880147022e-06
24,2,13,3.1769039670056316e-06
24,2,14,3.00317446927148e-06
24,2,15,5.373313695632869e-06
24,2,16,8.934025523899501e-06
24,2,17,1.1066057214799256e-05
24,2,18,1.037658891619688e-05
24,2,19,7.740119441963648e-06
24,2,20,5.638689701649392e-06
24,2,21,5.741849685432011e-06
24,2,22,7.721639236944007e-06
24,2,23,9.58171600085446e-06
24,2,24,9.941058818071092e-06
25,0,0,-4.611417967274493e-06
25,0,1,-2.4709407084482263e-06
25,0,2,-2.0198182329228998e-06
25,0,3,-3.367516597039313e-06
25,0,4,-5.311015126622506e-06
25,0,5,-6.361702348140288e-06
25,0,6,-6.037084766750554e-06
25,0,7,-4.811235047625154e-06
25,0,8,-3.5173864104116165e-06
25,0,9,-2.424991762137383e-06
25,0,10,-1.385497146384282e-06
25,0,11,-1.6613409136147394e-07
25,0,12,9.790148542744456e-07
25,0,13,1.7450315031879615e-06
25,0,14,2.074809921390338e-06
25,0,15,2.4636616584435906e-06
25,0,16,3.200367475469484e-06
25,0,17,3.955619526831351e-06
25,0,18,3.6109694148418585e-06
25,0,19,1.4002846209607586e-06
25,0,20,-2.3519309602616306e-06
25,0,21,-5.880877957999749e-06
25,0,22,-7.321106495463943e-06
25,0,23,-5.9432813008013176e-06
25,0,24,-3.0329971647848877e-06
25,1,0,3.5438370633184837e-06
25,1,1,8.496613135510877e-06
25,1,2,1.2566232367939982e-05
25,1,3,1.4909153327854769e-05
25,1,4,1.410528369078835e-05
25,1,5,9.401049605027578e-06
25,1,6,2.1079841049297202e-06
25,1,7,-4.58741494654551e-06
25,1,8,-7.714526988270162e-06
25,1,9,-6.4771172275150885e-06
25,1,10,-2.2663536921135695e-06
25,1,11,3.0865896865822694e-06
25,1,12,8.70587040720873e-06
25,1,13,1.4444142504228537e-05
25,1,14,1.9643707784637175e-05
25,1,15,2.287199783926081e-05
25,1,16,2.317638025462821e-05
25,1,17,2.1365883321831122e-05
25,1,18,1.9497168540912393e-05
25,1,19,1.893619511088274e-05
25,1,20,1.8964529145446105e-05
25,1,21,1.7739150180785357e-05
25,1,22,1.458268983599081e-05
25,1,23,1.1004666321514788e-05
25,1,24,9.175674631782614e-06
25,2,0,-1.941242800790243e-06
25,2,1,-2.499539587872692e-06
25,2,2,-3.219608381869023e-06
25,2,3,-3.851937493082135e-06
25,2,4,-4.43139658509972e-06
25,2,5,-4.809851524264201e-06
25,2,6,-4.258199687470863e-06
25,2,7,-2.1824024186175672e-06
25,2,8,1.044361958621108e-06
25,2,9,3.881893338621866e-06
25,2,10,4.943212189563917e-06
25,2,11,4.217465601958752e-06
25,2,12,3.2025913719473977e-06
25,2,13,3.2751115701643604e-06
25,2,14,4.31481973527662e-06
25,2,15,4.657659225186842e-06
25,2,16,2.948648078300402e-06
25,2,17,-4.1616813797963793e-07
25,2,18,-3.3468998070344293e-06
25,2,19,-4.069718913049904e-06
25,2,20,-2.622789400422135e-06
25,2,21,-7.632758865888827e-07
25,2,22,3.249921908942924e-08
25,2,23,-1.440849040233725e-07
25,2,24,1.3244970402416213e-07
26,0,0,9.493956127288561e-07
26,0,1,5.892305668148342e-07
26,0,2,-1.9895242372480103e-07
26,0,3,-5.756298009429143e-07
26,0,4,-5.503597176512753e-07
26,0,5,-5.1067218770809e-07
26,0,6,-2.729831335023442e-07
26,0,7,1.0324349358738016e-06
26,0,8,3.988153244192201e-06
26,0,9,7.867169305332663e-06
26,0,10,1.0792778063504441e-05
26,0,11,1.1124359464030479e-05
26,0,12,8.76579082943746e-06
26,0,13,5.2574335187617084e-06
26,0,14,2.519645969443335e-06
26,0,15,1.4525719268921767e-06
26,0,16,1.5789879633940822e-06
26,0,17,1.8739043577643757e-06
26,0,18,1.7377459048213754e-06
26,0,19,1.2721457286196122e-06
26,0,20,7.450622544703036e-07
26,0,21,9.4630713920587e-08
26,0,22,-9.516152345816079e-07
26,0,23,-2.3346180007596383e-06
26,0,24,-3.4845645651249515e-06
26,1,0,7.917593875137624e-06
26,1,1,1.135490909840776e-05
26,1,2,9.224676024257032e-06
26,1,3,2.393232752375047e-06
26,1,4,-5.943274752439367e-06
26,1,5,-1.1986756905017521e-05
26,1,6,-1.378478066349075e-05
26,1,7,-1.1934516256164999e-05
26,1,8,-9.194235599932976e-06
26,1,9,-8.087280850761097e-06
26,1,10,-9.314438787085021e-06
26,1,11,-1.107317892221814e-05
26,1,12,-1.1187308139863357e-05
26,1,13,-8.967003802277202e-06
26,1,14,-6.418481011824398e-06
26,1,15,-6.166719777898411e-06
26,1,16,-9.196737801793779e-06
26,1,17,-1.3242360925653737e-05
26,1,18,-1.5008200940332572e-05
26,1,19,-1.2806260392442498e-05
26,1,20,-8.630831272428202e-06
26,1,21,-5.993183820639681e-06
26,1,22,-7.069921517389587e-06
26,1,23,-1.0237432586773223e-05
26,1,24,-1.2033381969699737e-05
26,2,0,-7.554706484166954e-07
26,2,1,-2.175222685435845e-06
26,2,2,-2.243685809626684e-06
26,2,3,-2.6794389613314045e-07
26,2,4,2.2881091695020405e-06
26,2,5,3.217409223647366e-06
26,2,6,1.825981807921276e-06
26,2,7,-3.424487027684149e-07
26,2,8,-8.688826840041417e-07
26,2,9,1.3174390201901775e-06
26,2,10,5.05807118576871e-06
26,2,11,8.007205298044982e-06
26,2,12,8.55818592773841e-06
26,2,13,6.902128473561307e-06
26,2,14,4.542734745362545e-06
26,2,15,2.903985339415972e-06
26,2,16,2.4695497272306076e-06
26,2,17,2.885729233894187e-06
26,2,18,3.6908281440178393e-06
26,2,19,4.674419757598746e-06
26,2,20,5.768934438054403e-06
26,2,21,6.729910919841913e-06
26,2,22,7.2880787405737286e-06
26,2,23,7.445844059468716e-06
26,2,24,7.546827804296504e-06
